Tc_min,CutoffQ_cfs,Max_Inflow_cfs,Max_Depth_ft,Treated_mgal,Total_mgal,Capture_Efficiency_%,Flow_Balance_Error_%,flowrate_cfs,tc_minutes,intensity_inhr,capture_fraction
1.0,0.0,1.04,0.0,0.0,30.1,0.0,0.0,0.0,1,0.0,0.0
,,,,,,,,,1,0.0,0.0
1.0,0.005,1.04,0.0,5.15,30.1,17.109634551495017,0.0,0.005,1,0.010017490608605059,0.17109634551495018
1.0,0.01,1.04,0.0,8.65,30.1,28.7375415282392,0.0,0.01,1,0.020034981217210118,0.28737541528239197
1.0,0.015,1.04,0.0,11.5,30.1,38.20598006644519,0.0,0.015,1,0.030052471825815174,0.38205980066445194
1.0,0.02,1.04,0.0,13.8,30.1,45.84717607973422,0.0,0.02,1,0.040069962434420237,0.4584717607973422
1.0,0.025,1.04,0.0,15.7,30.1,52.159468438538205,0.0,0.025,1,0.050087453043025296,0.521594684385382
1.0,0.03,1.04,0.0,17.4,30.1,57.807308970099655,0.0,0.03,1,0.06010494365163035,0.5780730897009966
1.0,0.035,1.04,0.0,18.8,30.1,62.45847176079734,0.0,0.035,1,0.07012243426023541,0.6245847176079734
1.0,0.04,1.04,0.0,20.1,30.1,66.77740863787376,0.0,0.04,1,0.08013992486884047,0.6677740863787376
1.0,0.045,1.04,0.0,21.1,30.1,70.09966777408638,0.0,0.045,1,0.09015741547744552,0.7009966777408638
1.0,0.05,1.04,0.0,22.0,30.1,73.08970099667775,0.0,0.05,1,0.10017490608605059,0.7308970099667775
1.0,0.055,1.04,0.0,22.9,30.1,76.07973421926908,0.0,0.055,1,0.11019239669465565,0.7607973421926908
1.0,0.06,1.04,0.0,23.6,30.1,78.40531561461795,0.0,0.06,1,0.1202098873032607,0.7840531561461794
1.0,0.08,1.04,0.0,25.7,30.1,85.38205980066445,0.0,0.08,1,0.16027984973768095,0.8538205980066444
1.0,0.1,1.04,0.0,27.1,30.1,90.03322259136213,0.0,0.1,1,0.20034981217210118,0.9003322259136213
1.0,0.12,1.04,0.0,27.9,30.1,92.6910299003322,0.0,0.12,1,0.2404197746065214,0.926910299003322
1.0,0.14,1.04,0.0,28.5,30.1,94.6843853820598,0.0,0.14,1,0.28048973704094166,0.946843853820598
1.0,0.16,1.04,0.0,28.9,30.1,96.01328903654483,0.0,0.16,1,0.3205596994753619,0.9601328903654484
1.0,0.18,1.04,0.0,29.2,30.1,97.00996677740864,0.0,0.18,1,0.3606296619097821,0.9700996677740864
1.0,0.2,1.04,0.0,29.4,30.1,97.67441860465117,0.0,0.2,1,0.40069962434420237,0.9767441860465117
1.0,0.22,1.04,0.0,29.5,30.1,98.00664451827242,0.0,0.22,1,0.4407695867786226,0.9800664451827242
1.0,0.24,1.04,0.0,29.6,30.1,98.33887043189368,0.0,0.24,1,0.4808395492130428,0.9833887043189368
1.0,0.26,1.04,0.0,29.7,30.1,98.67109634551494,0.0,0.26,1,0.520909511647463,0.9867109634551494
1.0,0.28,1.04,0.0,29.8,30.1,99.0033222591362,0.0,0.28,1,0.5609794740818833,0.990033222591362
1.0,0.3,1.04,0.0,29.8,30.1,99.0033222591362,0.0,0.3,1,0.6010494365163035,0.990033222591362
1.0,0.32,1.04,0.0,29.9,30.1,99.33554817275748,0.0,0.32,1,0.6411193989507238,0.9933554817275748
1.0,0.34,1.04,0.0,29.9,30.1,99.33554817275748,0.0,0.34,1,0.6811893613851441,0.9933554817275748
1.0,0.36,1.04,0.0,29.9,30.1,99.33554817275748,0.0,0.36,1,0.7212593238195641,0.9933554817275748
1.0,0.38,1.04,0.0,30.0,30.1,99.66777408637874,0.0,0.38,1,0.7613292862539844,0.9966777408637875
1.0,0.4,1.04,0.0,30.0,30.1,99.66777408637874,0.0,0.4,1,0.8013992486884047,0.9966777408637875
1.0,0.45,1.04,0.0,30.0,30.1,99.66777408637874,0.0,0.45,1,0.9015741547744552,0.9966777408637875
1.0,0.5,1.04,0.0,30.0,30.1,99.66777408637874,0.0,0.5,1,1.0017490608605057,0.9966777408637875
1.0,0.55,1.04,0.0,30.0,30.1,99.66777408637874,0.0,0.55,1,1.1019239669465564,0.9966777408637875
1.0,0.6,1.04,0.0,30.0,30.1,99.66777408637874,0.0,0.6,1,1.202098873032607,0.9966777408637875
1.0,0.65,1.04,0.0,30.0,30.1,99.66777408637874,0.0,0.65,1,1.3022737791186576,0.9966777408637875
1.0,0.7,1.04,0.0,30.0,30.1,99.66777408637874,0.0,0.7,1,1.402448685204708,0.9966777408637875
1.0,0.75,1.04,0.0,30.0,30.1,99.66777408637874,0.0,0.75,1,1.5026235912907586,0.9966777408637875
1.0,0.8,1.04,0.0,30.1,30.1,100.0,0.0,0.8,1,1.6027984973768095,1.0
1.0,0.85,1.04,0.0,30.1,30.1,100.0,0.0,0.85,1,1.7029734034628599,1.0
1.0,0.9,1.04,0.0,30.1,30.1,100.0,0.0,0.9,1,1.8031483095489105,1.0
1.0,0.95,1.04,0.0,30.1,30.1,100.0,0.0,0.95,1,1.9033232156349609,1.0
1.0,1.0,1.04,0.0,30.1,30.1,100.0,0.0,1.0,1,2.0034981217210115,1.0
5.0,0.0,1.04,0.0,0.0,29.9,0.0,0.0,0.0,5,0.0,0.0
,,,,,,,,,5,0.0,0.0
5.0,0.005,1.04,0.0,5.45,29.9,18.22742474916388,0.0,0.005,5,0.010017490608605059,0.1822742474916388
5.0,0.01,1.04,0.0,9.08,29.9,30.367892976588628,0.0,0.01,5,0.020034981217210118,0.3036789297658863
5.0,0.015,1.04,0.0,11.9,29.9,39.79933110367893,0.0,0.015,5,0.030052471825815174,0.3979933110367893
5.0,0.02,1.04,0.0,14.2,29.9,47.491638795986624,0.0,0.02,5,0.040069962434420237,0.47491638795986624
5.0,0.025,1.04,0.0,16.2,29.9,54.18060200668896,0.0,0.025,5,0.050087453043025296,0.5418060200668896
5.0,0.03,1.04,0.0,17.8,29.9,59.53177257525084,0.0,0.03,5,0.06010494365163035,0.5953177257525084
5.0,0.035,1.04,0.0,19.2,29.9,64.21404682274247,0.0,0.035,5,0.07012243426023541,0.6421404682274248
5.0,0.04,1.04,0.0,20.4,29.9,68.22742474916387,0.0,0.04,5,0.08013992486884047,0.6822742474916388
5.0,0.045,1.04,0.0,21.4,29.9,71.57190635451505,0.0,0.045,5,0.09015741547744552,0.7157190635451505
5.0,0.05,1.04,0.0,22.3,29.9,74.58193979933111,0.0,0.05,5,0.10017490608605059,0.7458193979933111
5.0,0.055,1.04,0.0,23.1,29.9,77.25752508361204,0.0,0.055,5,0.11019239669465565,0.7725752508361203
5.0,0.06,1.04,0.0,23.8,29.9,79.59866220735786,0.0,0.06,5,0.1202098873032607,0.7959866220735786
5.0,0.08,1.04,0.0,25.8,29.9,86.28762541806022,0.0,0.08,5,0.16027984973768095,0.8628762541806022
5.0,0.1,1.04,0.0,27.1,29.9,90.63545150501672,0.0,0.1,5,0.20034981217210118,0.9063545150501672
5.0,0.12,1.04,0.0,27.9,29.9,93.31103678929766,0.0,0.12,5,0.2404197746065214,0.9331103678929766
5.0,0.14,1.04,0.0,28.4,29.9,94.98327759197323,0.0,0.14,5,0.28048973704094166,0.9498327759197324
5.0,0.16,1.04,0.0,28.8,29.9,96.32107023411372,0.0,0.16,5,0.3205596994753619,0.9632107023411371
5.0,0.18,1.04,0.0,29.0,29.9,96.98996655518395,0.0,0.18,5,0.3606296619097821,0.9698996655518396
5.0,0.2,1.04,0.0,29.2,29.9,97.65886287625418,0.0,0.2,5,0.40069962434420237,0.9765886287625417
5.0,0.22,1.04,0.0,29.3,29.9,97.99331103678932,0.0,0.22,5,0.4407695867786226,0.9799331103678932
5.0,0.24,1.04,0.0,29.5,29.9,98.66220735785951,0.0,0.24,5,0.4808395492130428,0.9866220735785951
5.0,0.26,1.04,0.0,29.5,29.9,98.66220735785951,0.0,0.26,5,0.520909511647463,0.9866220735785951
5.0,0.28,1.04,0.0,29.6,29.9,98.99665551839466,0.0,0.28,5,0.5609794740818833,0.9899665551839466
5.0,0.3,1.04,0.0,29.6,29.9,98.99665551839466,0.0,0.3,5,0.6010494365163035,0.9899665551839466
5.0,0.32,1.04,0.0,29.7,29.9,99.33110367892976,0.0,0.32,5,0.6411193989507238,0.9933110367892977
5.0,0.34,1.04,0.0,29.7,29.9,99.33110367892976,0.0,0.34,5,0.6811893613851441,0.9933110367892977
5.0,0.36,1.04,0.0,29.8,29.9,99.6655518394649,0.0,0.36,5,0.7212593238195641,0.9966555183946489
5.0,0.38,1.04,0.0,29.8,29.9,99.6655518394649,0.0,0.38,5,0.7613292862539844,0.9966555183946489
5.0,0.4,1.04,0.0,29.8,29.9,99.6655518394649,0.0,0.4,5,0.8013992486884047,0.9966555183946489
5.0,0.45,1.04,0.0,29.8,29.9,99.6655518394649,0.0,0.45,5,0.9015741547744552,0.9966555183946489
5.0,0.5,1.04,0.0,29.8,29.9,99.6655518394649,0.0,0.5,5,1.0017490608605057,0.9966555183946489
5.0,0.55,1.04,0.0,29.8,29.9,99.6655518394649,0.0,0.55,5,1.1019239669465564,0.9966555183946489
5.0,0.6,1.04,0.0,29.9,29.9,100.0,0.0,0.6,5,1.202098873032607,1.0
5.0,0.65,1.04,0.0,29.9,29.9,100.0,0.0,0.65,5,1.3022737791186576,1.0
5.0,0.7,1.04,0.0,29.9,29.9,100.0,0.0,0.7,5,1.402448685204708,1.0
5.0,0.75,1.04,0.0,29.9,29.9,100.0,0.0,0.75,5,1.5026235912907586,1.0
5.0,0.8,1.04,0.0,29.9,29.9,100.0,0.0,0.8,5,1.6027984973768095,1.0
5.0,0.85,1.04,0.0,29.9,29.9,100.0,0.0,0.85,5,1.7029734034628599,1.0
5.0,0.9,1.04,0.0,29.9,29.9,100.0,0.0,0.9,5,1.8031483095489105,1.0
5.0,0.95,1.04,0.0,29.9,29.9,100.0,0.0,0.95,5,1.9033232156349609,1.0
5.0,1.0,1.04,0.0,29.9,29.9,100.0,0.0,1.0,5,2.0034981217210115,1.0
10.0,0.0,1.04,0.0,0.0,29.7,0.0,0.0,0.0,10,0.0,0.0
,,,,,,,,,10,0.0,0.0
10.0,0.005,1.04,0.0,5.71,29.7,19.225589225589225,0.0,0.005,10,0.010017490608605059,0.19225589225589224
10.0,0.01,1.04,0.0,9.46,29.7,31.85185185185185,0.0,0.01,10,0.020034981217210118,0.31851851851851853
10.0,0.015,1.04,0.0,12.4,29.7,41.75084175084176,0.0,0.015,10,0.030052471825815174,0.4175084175084176
10.0,0.02,1.04,0.0,14.7,29.7,49.494949494949495,0.0,0.02,10,0.040069962434420237,0.494949494949495
10.0,0.025,1.04,0.0,16.6,29.7,55.892255892255896,0.0,0.025,10,0.050087453043025296,0.5589225589225589
10.0,0.03,1.04,0.0,18.2,29.7,61.27946127946128,0.0,0.03,10,0.06010494365163035,0.6127946127946128
10.0,0.035,1.04,0.0,19.6,29.7,65.99326599326601,0.0,0.035,10,0.07012243426023541,0.65993265993266
10.0,0.04,1.04,0.0,20.7,29.7,69.6969696969697,0.0,0.04,10,0.08013992486884047,0.696969696969697
10.0,0.045,1.04,0.0,21.7,29.7,73.06397306397307,0.0,0.045,10,0.09015741547744552,0.7306397306397306
10.0,0.05,1.04,0.0,22.6,29.7,76.0942760942761,0.0,0.05,10,0.10017490608605059,0.7609427609427609
10.0,0.055,1.04,0.0,23.3,29.7,78.45117845117846,0.0,0.055,10,0.11019239669465565,0.7845117845117846
10.0,0.06,1.04,0.0,24.0,29.7,80.8080808080808,0.0,0.06,10,0.1202098873032607,0.8080808080808081
10.0,0.08,1.04,0.0,25.9,29.7,87.20538720538721,0.0,0.08,10,0.16027984973768095,0.8720538720538721
10.0,0.1,1.04,0.0,27.1,29.7,91.24579124579124,0.0,0.1,10,0.20034981217210118,0.9124579124579124
10.0,0.12,1.04,0.0,27.9,29.7,93.93939393939394,0.0,0.12,10,0.2404197746065214,0.9393939393939393
10.0,0.14,1.04,0.0,28.4,29.7,95.62289562289564,0.0,0.14,10,0.28048973704094166,0.9562289562289564
10.0,0.16,1.04,0.0,28.7,29.7,96.63299663299664,0.0,0.16,10,0.3205596994753619,0.9663299663299664
10.0,0.18,1.04,0.0,29.0,29.7,97.64309764309763,0.0,0.18,10,0.3606296619097821,0.9764309764309763
10.0,0.2,1.04,0.0,29.1,29.7,97.979797979798,0.0,0.2,10,0.40069962434420237,0.9797979797979799
10.0,0.22,1.04,0.0,29.2,29.7,98.31649831649833,0.0,0.22,10,0.4407695867786226,0.9831649831649832
10.0,0.24,1.04,0.0,29.3,29.7,98.65319865319866,0.0,0.24,10,0.4808395492130428,0.9865319865319866
10.0,0.26,1.04,0.0,29.4,29.7,98.989898989899,0.0,0.26,10,0.520909511647463,0.9898989898989901
10.0,0.28,1.04,0.0,29.5,29.7,99.32659932659934,0.0,0.28,10,0.5609794740818833,0.9932659932659934
10.0,0.3,1.04,0.0,29.5,29.7,99.32659932659934,0.0,0.3,10,0.6010494365163035,0.9932659932659934
10.0,0.32,1.04,0.0,29.6,29.7,99.66329966329968,0.0,0.32,10,0.6411193989507238,0.9966329966329969
10.0,0.34,1.04,0.0,29.6,29.7,99.66329966329968,0.0,0.34,10,0.6811893613851441,0.9966329966329969
10.0,0.36,1.04,0.0,29.6,29.7,99.66329966329968,0.0,0.36,10,0.7212593238195641,0.9966329966329969
10.0,0.38,1.04,0.0,29.6,29.7,99.66329966329968,0.0,0.38,10,0.7613292862539844,0.9966329966329969
10.0,0.4,1.04,0.0,29.6,29.7,99.66329966329968,0.0,0.4,10,0.8013992486884047,0.9966329966329969
10.0,0.45,1.04,0.0,29.7,29.7,100.0,0.0,0.45,10,0.9015741547744552,1.0
10.0,0.5,1.04,0.0,29.7,29.7,100.0,0.0,0.5,10,1.0017490608605057,1.0
10.0,0.55,1.04,0.0,29.7,29.7,100.0,0.0,0.55,10,1.1019239669465564,1.0
10.0,0.6,1.04,0.0,29.7,29.7,100.0,0.0,0.6,10,1.202098873032607,1.0
10.0,0.65,1.04,0.0,29.7,29.7,100.0,0.0,0.65,10,1.3022737791186576,1.0
10.0,0.7,1.04,0.0,29.7,29.7,100.0,0.0,0.7,10,1.402448685204708,1.0
10.0,0.75,1.04,0.0,29.7,29.7,100.0,0.0,0.75,10,1.5026235912907586,1.0
10.0,0.8,1.04,0.0,29.7,29.7,100.0,0.0,0.8,10,1.6027984973768095,1.0
10.0,0.85,1.04,0.0,29.7,29.7,100.0,0.0,0.85,10,1.7029734034628599,1.0
10.0,0.9,1.04,0.0,29.7,29.7,100.0,0.0,0.9,10,1.8031483095489105,1.0
10.0,0.95,1.04,0.0,29.7,29.7,100.0,0.0,0.95,10,1.9033232156349609,1.0
10.0,1.0,1.04,0.0,29.7,29.7,100.0,0.0,1.0,10,2.0034981217210115,1.0
20.0,0.0,1.03,0.0,0.0,29.5,0.0,0.0,0.0,20,0.0,0.0
,,,,,,,,,20,0.0,0.0
20.0,0.005,1.03,0.0,6.12,29.5,20.74576271186441,0.0,0.005,20,0.010017490608605059,0.20745762711864407
20.0,0.01,1.03,0.0,10.0,29.5,33.89830508474576,0.0,0.01,20,0.020034981217210118,0.33898305084745756
20.0,0.015,1.03,0.0,13.0,29.5,44.06779661016949,0.0,0.015,20,0.030052471825815174,0.44067796610169485
20.0,0.02,1.03,0.0,15.4,29.5,52.20338983050847,0.0,0.02,20,0.040069962434420237,0.5220338983050847
20.0,0.025,1.03,0.0,17.3,29.5,58.644067796610166,0.0,0.025,20,0.050087453043025296,0.5864406779661017
20.0,0.03,1.03,0.0,18.8,29.5,63.72881355932204,0.0,0.03,20,0.06010494365163035,0.6372881355932204
20.0,0.035,1.03,0.0,20.1,29.5,68.13559322033899,0.0,0.035,20,0.07012243426023541,0.6813559322033899
20.0,0.04,1.03,0.0,21.2,29.5,71.86440677966101,0.0,0.04,20,0.08013992486884047,0.71864406779661
20.0,0.045,1.03,0.0,22.2,29.5,75.2542372881356,0.0,0.045,20,0.09015741547744552,0.752542372881356
20.0,0.05,1.03,0.0,23.0,29.5,77.96610169491525,0.0,0.05,20,0.10017490608605059,0.7796610169491526
20.0,0.055,1.03,0.0,23.7,29.5,80.33898305084746,0.0,0.055,20,0.11019239669465565,0.8033898305084746
20.0,0.06,1.03,0.0,24.3,29.5,82.37288135593221,0.0,0.06,20,0.1202098873032607,0.823728813559322
20.0,0.08,1.03,0.0,26.1,29.5,88.47457627118645,0.0,0.08,20,0.16027984973768095,0.8847457627118644
20.0,0.1,1.03,0.0,27.2,29.5,92.20338983050848,0.0,0.1,20,0.20034981217210118,0.9220338983050849
20.0,0.12,1.03,0.0,27.9,29.5,94.57627118644068,0.0,0.12,20,0.2404197746065214,0.9457627118644067
20.0,0.14,1.03,0.0,28.3,29.5,95.9322033898305,0.0,0.14,20,0.28048973704094166,0.9593220338983051
20.0,0.16,1.03,0.0,28.6,29.5,96.94915254237289,0.0,0.16,20,0.3205596994753619,0.9694915254237289
20.0,0.18,1.03,0.0,28.8,29.5,97.6271186440678,0.0,0.18,20,0.3606296619097821,0.9762711864406781
20.0,0.2,1.03,0.0,29.0,29.5,98.30508474576273,0.0,0.2,20,0.40069962434420237,0.9830508474576273
20.0,0.22,1.03,0.0,29.1,29.5,98.64406779661016,0.0,0.22,20,0.4407695867786226,0.9864406779661016
20.0,0.24,1.03,0.0,29.2,29.5,98.98305084745762,0.0,0.24,20,0.4808395492130428,0.9898305084745762
20.0,0.26,1.03,0.0,29.2,29.5,98.98305084745762,0.0,0.26,20,0.520909511647463,0.9898305084745762
20.0,0.28,1.03,0.0,29.3,29.5,99.32203389830508,0.0,0.28,20,0.5609794740818833,0.9932203389830508
20.0,0.3,1.03,0.0,29.3,29.5,99.32203389830508,0.0,0.3,20,0.6010494365163035,0.9932203389830508
20.0,0.32,1.03,0.0,29.4,29.5,99.66101694915254,0.0,0.32,20,0.6411193989507238,0.9966101694915254
20.0,0.34,1.03,0.0,29.4,29.5,99.66101694915254,0.0,0.34,20,0.6811893613851441,0.9966101694915254
20.0,0.36,1.03,0.0,29.4,29.5,99.66101694915254,0.0,0.36,20,0.7212593238195641,0.9966101694915254
20.0,0.38,1.03,0.0,29.4,29.5,99.66101694915254,0.0,0.38,20,0.7613292862539844,0.9966101694915254
20.0,0.4,1.03,0.0,29.4,29.5,99.66101694915254,0.0,0.4,20,0.8013992486884047,0.9966101694915254
20.0,0.45,1.03,0.0,29.5,29.5,100.0,0.0,0.45,20,0.9015741547744552,1.0
20.0,0.5,1.03,0.0,29.5,29.5,100.0,0.0,0.5,20,1.0017490608605057,1.0
20.0,0.55,1.03,0.0,29.5,29.5,100.0,0.0,0.55,20,1.1019239669465564,1.0
20.0,0.6,1.03,0.0,29.5,29.5,100.0,0.0,0.6,20,1.202098873032607,1.0
20.0,0.65,1.03,0.0,29.5,29.5,100.0,0.0,0.65,20,1.3022737791186576,1.0
20.0,0.7,1.03,0.0,29.5,29.5,100.0,0.0,0.7,20,1.402448685204708,1.0
20.0,0.75,1.03,0.0,29.5,29.5,100.0,0.0,0.75,20,1.5026235912907586,1.0
20.0,0.8,1.03,0.0,29.5,29.5,100.0,0.0,0.8,20,1.6027984973768095,1.0
20.0,0.85,1.03,0.0,29.5,29.5,100.0,0.0,0.85,20,1.7029734034628599,1.0
20.0,0.9,1.03,0.0,29.5,29.5,100.0,0.0,0.9,20,1.8031483095489105,1.0
20.0,0.95,1.03,0.0,29.5,29.5,100.0,0.0,0.95,20,1.9033232156349609,1.0
20.0,1.0,1.03,0.0,29.5,29.5,100.0,0.0,1.0,20,2.0034981217210115,1.0
30.0,0.0,1.02,0.0,0.0,29.3,0.0,0.0,0.0,30,0.0,0.0
,,,,,,,,,30,0.0,0.0
30.0,0.005,1.02,0.0,6.43,29.3,21.945392491467576,0.0,0.005,30,0.010017490608605059,0.21945392491467575
30.0,0.01,1.02,0.0,10.5,29.3,35.83617747440273,0.0,0.01,30,0.020034981217210118,0.3583617747440273
30.0,0.015,1.02,0.0,13.5,29.3,46.07508532423208,0.0,0.015,30,0.030052471825815174,0.4607508532423208
30.0,0.02,1.02,0.0,15.9,29.3,54.26621160409556,0.0,0.02,30,0.040069962434420237,0.5426621160409556
30.0,0.025,1.02,0.0,17.8,29.3,60.75085324232082,0.0,0.025,30,0.050087453043025296,0.6075085324232082
30.0,0.03,1.02,0.0,19.3,29.3,65.8703071672355,0.0,0.03,30,0.06010494365163035,0.658703071672355
30.0,0.035,1.02,0.0,20.6,29.3,70.30716723549489,0.0,0.035,30,0.07012243426023541,0.7030716723549488
30.0,0.04,1.02,0.0,21.6,29.3,73.72013651877133,0.0,0.04,30,0.08013992486884047,0.7372013651877133
30.0,0.045,1.02,0.0,22.5,29.3,76.79180887372013,0.0,0.045,30,0.09015741547744552,0.7679180887372012
30.0,0.05,1.02,0.0,23.3,29.3,79.5221843003413,0.0,0.05,30,0.10017490608605059,0.7952218430034129
30.0,0.055,1.02,0.0,23.9,29.3,81.56996587030716,0.0,0.055,30,0.11019239669465565,0.8156996587030716
30.0,0.06,1.02,0.0,24.5,29.3,83.61774744027304,0.0,0.06,30,0.1202098873032607,0.8361774744027304
30.0,0.08,1.02,0.0,26.2,29.3,89.419795221843,0.0,0.08,30,0.16027984973768095,0.89419795221843
30.0,0.1,1.02,0.0,27.2,29.3,92.83276450511944,0.0,0.1,30,0.20034981217210118,0.9283276450511945
30.0,0.12,1.02,0.0,27.8,29.3,94.88054607508532,0.0,0.12,30,0.2404197746065214,0.9488054607508531
30.0,0.14,1.02,0.0,28.2,29.3,96.24573378839592,0.0,0.14,30,0.28048973704094166,0.9624573378839593
30.0,0.16,1.02,0.0,28.5,29.3,97.26962457337883,0.0,0.16,30,0.3205596994753619,0.9726962457337883
30.0,0.18,1.02,0.0,28.7,29.3,97.95221843003412,0.0,0.18,30,0.3606296619097821,0.9795221843003412
30.0,0.2,1.02,0.0,28.8,29.3,98.29351535836176,0.0,0.2,30,0.40069962434420237,0.9829351535836176
30.0,0.22,1.02,0.0,28.9,29.3,98.6348122866894,0.0,0.22,30,0.4407695867786226,0.986348122866894
30.0,0.24,1.02,0.0,29.0,29.3,98.97610921501706,0.0,0.24,30,0.4808395492130428,0.9897610921501706
30.0,0.26,1.02,0.0,29.1,29.3,99.31740614334473,0.0,0.26,30,0.520909511647463,0.9931740614334472
30.0,0.28,1.02,0.0,29.1,29.3,99.31740614334473,0.0,0.28,30,0.5609794740818833,0.9931740614334472
30.0,0.3,1.02,0.0,29.2,29.3,99.65870307167236,0.0,0.3,30,0.6010494365163035,0.9965870307167236
30.0,0.32,1.02,0.0,29.2,29.3,99.65870307167236,0.0,0.32,30,0.6411193989507238,0.9965870307167236
30.0,0.34,1.02,0.0,29.2,29.3,99.65870307167236,0.0,0.34,30,0.6811893613851441,0.9965870307167236
30.0,0.36,1.02,0.0,29.2,29.3,99.65870307167236,0.0,0.36,30,0.7212593238195641,0.9965870307167236
30.0,0.38,1.02,0.0,29.3,29.3,100.0,0.0,0.38,30,0.7613292862539844,1.0
30.0,0.4,1.02,0.0,29.3,29.3,100.0,0.0,0.4,30,0.8013992486884047,1.0
30.0,0.45,1.02,0.0,29.3,29.3,100.0,0.0,0.45,30,0.9015741547744552,1.0
30.0,0.5,1.02,0.0,29.3,29.3,100.0,0.0,0.5,30,1.0017490608605057,1.0
30.0,0.55,1.02,0.0,29.3,29.3,100.0,0.0,0.55,30,1.1019239669465564,1.0
30.0,0.6,1.02,0.0,29.3,29.3,100.0,0.0,0.6,30,1.202098873032607,1.0
30.0,0.65,1.02,0.0,29.3,29.3,100.0,0.0,0.65,30,1.3022737791186576,1.0
30.0,0.7,1.02,0.0,29.3,29.3,100.0,0.0,0.7,30,1.402448685204708,1.0
30.0,0.75,1.02,0.0,29.3,29.3,100.0,0.0,0.75,30,1.5026235912907586,1.0
30.0,0.8,1.02,0.0,29.3,29.3,100.0,0.0,0.8,30,1.6027984973768095,1.0
30.0,0.85,1.02,0.0,29.3,29.3,100.0,0.0,0.85,30,1.7029734034628599,1.0
30.0,0.9,1.02,0.0,29.3,29.3,100.0,0.0,0.9,30,1.8031483095489105,1.0
30.0,0.95,1.02,0.0,29.3,29.3,100.0,0.0,0.95,30,1.9033232156349609,1.0
30.0,1.0,1.02,0.0,29.3,29.3,100.0,0.0,1.0,30,2.0034981217210115,1.0
60.0,0.0,0.96,0.0,0.0,28.9,0.0,0.0,0.0,60,0.0,0.0
,,,,,,,,,60,0.0,0.0
60.0,0.005,0.96,0.0,7.12,28.9,24.63667820069205,0.0,0.005,60,0.010017490608605059,0.2463667820069205
60.0,0.01,0.96,0.0,11.5,28.9,39.7923875432526,0.0,0.01,60,0.020034981217210118,0.397923875432526
60.0,0.015,0.96,0.0,14.6,28.9,50.51903114186851,0.0,0.015,60,0.030052471825815174,0.5051903114186851
60.0,0.02,0.96,0.0,17.0,28.9,58.82352941176471,0.0,0.02,60,0.040069962434420237,0.5882352941176471
60.0,0.025,0.96,0.0,18.8,28.9,65.05190311418686,0.0,0.025,60,0.050087453043025296,0.6505190311418686
60.0,0.03,0.96,0.0,20.2,28.9,69.8961937716263,0.0,0.03,60,0.06010494365163035,0.698961937716263
60.0,0.035,0.96,0.0,21.4,28.9,74.0484429065744,0.0,0.035,60,0.07012243426023541,0.740484429065744
60.0,0.04,0.96,0.0,22.4,28.9,77.50865051903114,0.0,0.04,60,0.08013992486884047,0.7750865051903113
60.0,0.045,0.96,0.0,23.2,28.9,80.27681660899654,0.0,0.045,60,0.09015741547744552,0.8027681660899654
60.0,0.05,0.96,0.0,23.9,28.9,82.69896193771626,0.0,0.05,60,0.10017490608605059,0.8269896193771626
60.0,0.055,0.96,0.0,24.4,28.9,84.42906574394463,0.0,0.055,60,0.11019239669465565,0.8442906574394463
60.0,0.06,0.96,0.0,24.9,28.9,86.159169550173,0.0,0.06,60,0.1202098873032607,0.8615916955017301
60.0,0.08,0.96,0.0,26.4,28.9,91.34948096885812,0.0,0.08,60,0.16027984973768095,0.9134948096885812
60.0,0.1,0.96,0.0,27.2,28.9,94.11764705882352,0.0,0.1,60,0.20034981217210118,0.9411764705882352
60.0,0.12,0.96,0.0,27.7,28.9,95.8477508650519,0.0,0.12,60,0.2404197746065214,0.9584775086505191
60.0,0.14,0.96,0.0,28.1,28.9,97.2318339100346,0.0,0.14,60,0.28048973704094166,0.9723183391003459
60.0,0.16,0.96,0.0,28.3,28.9,97.92387543252596,0.0,0.16,60,0.3205596994753619,0.9792387543252596
60.0,0.18,0.96,0.0,28.4,28.9,98.2698961937716,0.0,0.18,60,0.3606296619097821,0.982698961937716
60.0,0.2,0.96,0.0,28.6,28.9,98.96193771626298,0.0,0.2,60,0.40069962434420237,0.9896193771626298
60.0,0.22,0.96,0.0,28.6,28.9,98.96193771626298,0.0,0.22,60,0.4407695867786226,0.9896193771626298
60.0,0.24,0.96,0.0,28.7,28.9,99.30795847750863,0.0,0.24,60,0.4808395492130428,0.9930795847750864
60.0,0.26,0.96,0.0,28.7,28.9,99.30795847750863,0.0,0.26,60,0.520909511647463,0.9930795847750864
60.0,0.28,0.96,0.0,28.8,28.9,99.65397923875432,0.0,0.28,60,0.5609794740818833,0.9965397923875432
60.0,0.3,0.96,0.0,28.8,28.9,99.65397923875432,0.0,0.3,60,0.6010494365163035,0.9965397923875432
60.0,0.32,0.96,0.0,28.8,28.9,99.65397923875432,0.0,0.32,60,0.6411193989507238,0.9965397923875432
60.0,0.34,0.96,0.0,28.8,28.9,99.65397923875432,0.0,0.34,60,0.6811893613851441,0.9965397923875432
60.0,0.36,0.96,0.0,28.9,28.9,100.0,0.0,0.36,60,0.7212593238195641,1.0
60.0,0.38,0.96,0.0,28.9,28.9,100.0,0.0,0.38,60,0.7613292862539844,1.0
60.0,0.4,0.96,0.0,28.9,28.9,100.0,0.0,0.4,60,0.8013992486884047,1.0
60.0,0.45,0.96,0.0,28.9,28.9,100.0,0.0,0.45,60,0.9015741547744552,1.0
60.0,0.5,0.96,0.0,28.9,28.9,100.0,0.0,0.5,60,1.0017490608605057,1.0
60.0,0.55,0.96,0.0,28.9,28.9,100.0,0.0,0.55,60,1.1019239669465564,1.0
60.0,0.6,0.96,0.0,28.9,28.9,100.0,0.0,0.6,60,1.202098873032607,1.0
60.0,0.65,0.96,0.0,28.9,28.9,100.0,0.0,0.65,60,1.3022737791186576,1.0
60.0,0.7,0.96,0.0,28.9,28.9,100.0,0.0,0.7,60,1.402448685204708,1.0
60.0,0.75,0.96,0.0,28.9,28.9,100.0,0.0,0.75,60,1.5026235912907586,1.0
60.0,0.8,0.96,0.0,28.9,28.9,100.0,0.0,0.8,60,1.6027984973768095,1.0
60.0,0.85,0.96,0.0,28.9,28.9,100.0,0.0,0.85,60,1.7029734034628599,1.0
60.0,0.9,0.96,0.0,28.9,28.9,100.0,0.0,0.9,60,1.8031483095489105,1.0
60.0,0.95,0.96,0.0,28.9,28.9,100.0,0.0,0.95,60,1.9033232156349609,1.0
60.0,1.0,0.96,0.0,28.9,28.9,100.0,0.0,1.0,60,2.0034981217210115,1.0
120.0,0.0,0.83,0.0,0.0,28.4,0.0,0.0,0.0,120,0.0,0.0
,,,,,,,,,120,0.0,0.0
120.0,0.005,0.83,0.0,7.99,28.4,28.133802816901408,0.0,0.005,120,0.010017490608605059,0.2813380281690141
120.0,0.01,0.83,0.0,12.7,28.4,44.71830985915493,0.0,0.01,120,0.020034981217210118,0.44718309859154926
120.0,0.015,0.83,0.0,15.9,28.4,55.98591549295775,0.0,0.015,120,0.030052471825815174,0.5598591549295775
120.0,0.02,0.83,0.0,18.2,28.4,64.08450704225352,0.0,0.02,120,0.040069962434420237,0.6408450704225352
120.0,0.025,0.83,0.0,19.9,28.4,70.07042253521126,0.0,0.025,120,0.050087453043025296,0.7007042253521126
120.0,0.03,0.83,0.0,21.2,28.4,74.64788732394366,0.0,0.03,120,0.06010494365163035,0.7464788732394366
120.0,0.035,0.83,0.0,22.3,28.4,78.52112676056339,0.0,0.035,120,0.07012243426023541,0.7852112676056339
120.0,0.04,0.83,0.0,23.1,28.4,81.3380281690141,0.0,0.04,120,0.08013992486884047,0.813380281690141
120.0,0.045,0.83,0.0,23.8,28.4,83.80281690140846,0.0,0.045,120,0.09015741547744552,0.8380281690140846
120.0,0.05,0.83,0.0,24.4,28.4,85.91549295774648,0.0,0.05,120,0.10017490608605059,0.8591549295774648
120.0,0.055,0.83,0.0,24.9,28.4,87.67605633802816,0.0,0.055,120,0.11019239669465565,0.8767605633802816
120.0,0.06,0.83,0.0,25.3,28.4,89.08450704225352,0.0,0.06,120,0.1202098873032607,0.8908450704225352
120.0,0.08,0.83,0.0,26.4,28.4,92.95774647887325,0.0,0.08,120,0.16027984973768095,0.9295774647887325
120.0,0.1,0.83,0.0,27.1,28.4,95.4225352112676,0.0,0.1,120,0.20034981217210118,0.954225352112676
120.0,0.12,0.83,0.0,27.5,28.4,96.83098591549296,0.0,0.12,120,0.2404197746065214,0.9683098591549296
120.0,0.14,0.83,0.0,27.7,28.4,97.53521126760565,0.0,0.14,120,0.28048973704094166,0.9753521126760565
120.0,0.16,0.83,0.0,27.9,28.4,98.23943661971832,0.0,0.16,120,0.3205596994753619,0.9823943661971832
120.0,0.18,0.83,0.0,28.0,28.4,98.59154929577466,0.0,0.18,120,0.3606296619097821,0.9859154929577465
120.0,0.2,0.83,0.0,28.1,28.4,98.943661971831,0.0,0.2,120,0.40069962434420237,0.9894366197183101
120.0,0.22,0.83,0.0,28.2,28.4,99.29577464788731,0.0,0.22,120,0.4407695867786226,0.9929577464788731
120.0,0.24,0.83,0.0,28.2,28.4,99.29577464788731,0.0,0.24,120,0.4808395492130428,0.9929577464788731
120.0,0.26,0.83,0.0,28.3,28.4,99.64788732394368,0.0,0.26,120,0.520909511647463,0.9964788732394367
120.0,0.28,0.83,0.0,28.3,28.4,99.64788732394368,0.0,0.28,120,0.5609794740818833,0.9964788732394367
120.0,0.3,0.83,0.0,28.3,28.4,99.64788732394368,0.0,0.3,120,0.6010494365163035,0.9964788732394367
120.0,0.32,0.83,0.0,28.3,28.4,99.64788732394368,0.0,0.32,120,0.6411193989507238,0.9964788732394367
120.0,0.34,0.83,0.0,28.3,28.4,99.64788732394368,0.0,0.34,120,0.6811893613851441,0.9964788732394367
120.0,0.36,0.83,0.0,28.3,28.4,99.64788732394368,0.0,0.36,120,0.7212593238195641,0.9964788732394367
120.0,0.38,0.83,0.0,28.3,28.4,99.64788732394368,0.0,0.38,120,0.7613292862539844,0.9964788732394367
120.0,0.4,0.83,0.0,28.3,28.4,99.64788732394368,0.0,0.4,120,0.8013992486884047,0.9964788732394367
120.0,0.45,0.83,0.0,28.3,28.4,99.64788732394368,0.0,0.45,120,0.9015741547744552,0.9964788732394367
120.0,0.5,0.83,0.0,28.4,28.4,100.0,0.0,0.5,120,1.0017490608605057,1.0
120.0,0.55,0.83,0.0,28.4,28.4,100.0,0.0,0.55,120,1.1019239669465564,1.0
120.0,0.6,0.83,0.0,28.4,28.4,100.0,0.0,0.6,120,1.202098873032607,1.0
120.0,0.65,0.83,0.0,28.4,28.4,100.0,0.0,0.65,120,1.3022737791186576,1.0
120.0,0.7,0.83,0.0,28.4,28.4,100.0,0.0,0.7,120,1.402448685204708,1.0
120.0,0.75,0.83,0.0,28.4,28.4,100.0,0.0,0.75,120,1.5026235912907586,1.0
120.0,0.8,0.83,0.0,28.4,28.4,100.0,0.0,0.8,120,1.6027984973768095,1.0
120.0,0.85,0.83,0.0,28.4,28.4,100.0,0.0,0.85,120,1.7029734034628599,1.0
120.0,0.9,0.83,0.0,28.4,28.4,100.0,0.0,0.9,120,1.8031483095489105,1.0
120.0,0.95,0.83,0.0,28.4,28.4,100.0,0.0,0.95,120,1.9033232156349609,1.0
120.0,1.0,0.83,0.0,28.4,28.4,100.0,0.0,1.0,120,2.0034981217210115,1.0
