DDT_hr,Vol_cf,Max_Inflow_cfs,Max_Depth_ft,Max_Storage_Vol_cf,Treated_mgal,Total_mgal,Capture_Efficiency_%,Flow_Balance_Error_%,design_storm_volume_cuft,vol_cuft,size_fraction,ddt_hr,capture_fraction
,,,,,,,,,,0.0,0.0,1,0.0
1.0,1000.0,18.85,1.06,1062.0,330.895,811.147,40.79346900130309,0.0,73326.0,1000.0,0.013637727409104548,1,0.4079346900130309
1.0,2000.0,18.85,1.06,2122.0,479.42,811.148,59.10388733005567,0.0,73326.0,2000.0,0.027275454818209095,1,0.5910388733005567
1.0,3000.0,18.85,1.06,3180.0,572.305,811.148,70.55494188483482,0.0,73326.0,3000.0,0.04091318222731364,1,0.7055494188483482
1.0,4000.0,18.85,1.06,4237.0,634.089,811.148,78.17180095371006,0.0,73326.0,4000.0,0.05455090963641819,1,0.7817180095371006
1.0,5000.0,18.85,1.06,5291.0,677.592,811.148,83.53494060270135,0.0,73326.0,5000.0,0.06818863704552273,1,0.8353494060270136
1.0,6000.0,18.85,1.06,6344.0,708.954,811.148,87.40131270742206,0.0,73326.0,6000.0,0.08182636445462728,1,0.8740131270742206
1.0,7000.0,18.85,1.06,7394.0,731.72,811.148,90.20795218628412,-0.0,73326.0,7000.0,0.09546409186373182,1,0.9020795218628411
1.0,8000.0,18.85,1.06,8443.0,748.495,811.148,92.27600881713325,-0.0,73326.0,8000.0,0.10910181927283638,1,0.9227600881713325
1.0,9000.0,18.85,1.05,9490.0,760.764,811.148,93.78855646565115,0.0,73326.0,9000.0,0.12273954668194093,1,0.9378855646565115
1.0,10000.0,18.85,1.05,10535.0,770.3,811.148,94.96417423207602,0.0,73326.0,10000.0,0.13637727409104547,1,0.9496417423207602
1.0,12500.0,18.85,1.05,13140.0,786.147,811.148,96.91782510713212,-0.0,73326.0,12500.0,0.17047159261380684,1,0.9691782510713212
1.0,15000.0,18.85,1.05,15733.0,795.474,811.148,98.06767692209068,0.0,73326.0,15000.0,0.2045659111365682,1,0.9806767692209069
1.0,17500.0,18.85,1.05,18314.0,800.818,811.148,98.726496274416,-0.0,73326.0,17500.0,0.23866022965932956,1,0.98726496274416
1.0,20000.0,18.85,1.04,20883.0,803.981,811.148,99.11643744421488,0.0,73326.0,20000.0,0.27275454818209094,1,0.9911643744421488
1.0,22500.0,18.85,1.04,23435.0,806.162,811.148,99.38531562674136,0.0,73326.0,22500.0,0.3068488667048523,1,0.9938531562674136
1.0,25000.0,18.85,1.04,25971.0,807.775,811.148,99.5841695966704,-0.0,73326.0,25000.0,0.3409431852276137,1,0.995841695966704
1.0,27500.0,18.85,1.04,28492.0,808.899,811.148,99.72273863709212,0.0,73326.0,27500.0,0.37503750375037503,1,0.9972273863709212
1.0,30000.0,18.85,1.03,30997.0,809.657,811.148,99.81618644193168,0.0,73326.0,30000.0,0.4091318222731364,1,0.9981618644193168
1.0,32500.0,18.85,1.03,33487.0,810.195,811.148,99.88251219259617,0.0,73326.0,32500.0,0.4432261407958978,1,0.9988251219259616
1.0,35000.0,18.85,1.03,35959.0,810.615,811.148,99.93429065965766,0.0,73326.0,35000.0,0.47732045931865913,1,0.9993429065965767
1.0,37500.0,18.85,1.02,38409.0,810.958,811.148,99.97657640775788,0.0,73326.0,37500.0,0.5114147778414205,1,0.9997657640775788
1.0,40000.0,18.85,1.01,40589.0,811.108,811.148,99.99506871742273,0.0,73326.0,40000.0,0.5455090963641819,1,0.9999506871742273
1.0,42500.0,18.85,0.94,40032.0,811.148,811.148,100.0,0.0,73326.0,42500.0,0.5796034148869432,1,1.0
1.0,45000.0,18.85,0.78,35218.0,811.148,811.148,100.0,0.0,73326.0,45000.0,0.6136977334097046,1,1.0
1.0,47500.0,18.85,0.65,30696.0,811.148,811.148,100.0,0.0,73326.0,47500.0,0.647792051932466,1,1.0
1.0,50000.0,18.85,0.53,26468.0,811.148,811.148,100.0,0.0,73326.0,50000.0,0.6818863704552274,1,1.0
1.0,55000.0,18.85,0.34,18891.0,811.148,811.148,100.0,0.0,73326.0,55000.0,0.7500750075007501,1,1.0
1.0,60000.0,18.85,0.21,12488.0,811.148,811.148,100.0,0.0,73326.0,60000.0,0.8182636445462728,1,1.0
1.0,65000.0,18.85,0.11,7394.0,811.148,811.148,100.0,0.0,73326.0,65000.0,0.8864522815917956,1,1.0
1.0,70000.0,18.85,0.1,6685.0,811.148,811.148,100.0,0.0,73326.0,70000.0,0.9546409186373183,1,1.0
1.0,75000.0,18.85,0.09,6685.0,811.148,811.148,100.0,0.0,73326.0,75000.0,1.022829555682841,1,1.0
1.0,80000.0,18.85,0.08,6685.0,811.148,811.148,100.0,0.0,73326.0,80000.0,1.0910181927283638,1,1.0
1.0,85000.0,18.85,0.08,6685.0,811.148,811.148,100.0,0.0,73326.0,85000.0,1.1592068297738864,1,1.0
1.0,90000.0,18.85,0.07,6685.0,811.148,811.148,100.0,0.0,73326.0,90000.0,1.2273954668194091,1,1.0
1.0,95000.0,18.85,0.07,6685.0,811.148,811.148,100.0,0.0,73326.0,95000.0,1.295584103864932,1,1.0
1.0,100000.0,18.85,0.07,6685.0,811.148,811.148,100.0,0.0,73326.0,100000.0,1.3637727409104548,1,1.0
1.0,125000.0,18.85,0.05,6685.0,811.148,811.148,100.0,0.0,73326.0,125000.0,1.7047159261380684,1,1.0
1.0,150000.0,18.85,0.04,6685.0,811.148,811.148,100.0,0.0,73326.0,150000.0,2.045659111365682,1,1.0
1.0,175000.0,18.85,0.04,6685.0,811.148,811.148,100.0,0.0,73326.0,175000.0,2.3866022965932956,1,1.0
1.0,200000.0,18.85,0.03,6685.0,811.148,811.148,100.0,0.0,73326.0,200000.0,2.7275454818209095,1,1.0
1.0,225000.0,18.85,0.03,6685.0,811.148,811.148,100.0,0.0,73326.0,225000.0,3.068488667048523,1,1.0
1.0,250000.0,18.85,0.03,6685.0,811.148,811.148,100.0,0.0,73326.0,250000.0,3.409431852276137,1,1.0
1.0,275000.0,18.85,0.02,6685.0,811.148,811.148,100.0,0.0,73326.0,275000.0,3.7503750375037503,1,1.0
1.0,300000.0,18.85,0.02,6685.0,811.148,811.148,100.0,0.0,73326.0,300000.0,4.091318222731364,1,1.0
1.0,300000.0,18.85,0.02,6685.0,811.148,811.148,100.0,0.0,73326.0,305000.0,4.1595068597768865,1,1.0
1.0,300000.0,18.85,0.02,6685.0,811.148,811.148,100.0,0.0,73326.0,0.0,0.0,2,0.0
2.0,1000.0,18.85,1.06,1062.0,219.859,811.147,27.104704819225123,0.0,73326.0,1000.0,0.013637727409104548,2,0.2710470481922512
2.0,2000.0,18.85,1.06,2124.0,343.465,811.148,42.34307426018432,0.0,73326.0,2000.0,0.027275454818209095,2,0.4234307426018432
2.0,3000.0,18.85,1.06,3184.0,431.715,811.148,53.22271644632052,0.0,73326.0,3000.0,0.04091318222731364,2,0.5322271644632052
2.0,4000.0,18.85,1.06,4244.0,499.397,811.148,61.566693131216496,0.0,73326.0,4000.0,0.05455090963641819,2,0.615666931312165
2.0,5000.0,18.85,1.06,5303.0,552.666,811.148,68.13380542145207,0.0,73326.0,5000.0,0.06818863704552273,2,0.6813380542145206
2.0,6000.0,18.85,1.06,6360.0,594.422,811.148,73.28157130388043,0.0,73326.0,6000.0,0.08182636445462728,2,0.7328157130388042
2.0,7000.0,18.85,1.06,7417.0,627.948,811.148,77.41472579603229,-0.0,73326.0,7000.0,0.09546409186373182,2,0.7741472579603229
2.0,8000.0,18.85,1.06,8473.0,655.409,811.148,80.80017456740323,-0.0,73326.0,8000.0,0.10910181927283638,2,0.8080017456740323
2.0,9000.0,18.85,1.06,9528.0,677.896,811.148,83.57241835028873,0.0,73326.0,9000.0,0.12273954668194093,2,0.8357241835028872
2.0,10000.0,18.85,1.06,10581.0,696.696,811.148,85.89012116161292,0.0,73326.0,10000.0,0.13637727409104547,2,0.8589012116161292
2.0,12500.0,18.85,1.06,13212.0,731.818,811.148,90.22003382859847,-0.0,73326.0,12500.0,0.17047159261380684,2,0.9022003382859848
2.0,15000.0,18.85,1.06,15837.0,754.169,811.148,92.9755112507212,-0.0,73326.0,15000.0,0.2045659111365682,2,0.929755112507212
2.0,17500.0,18.85,1.05,18455.0,769.398,811.148,94.85297380995824,0.0,73326.0,17500.0,0.23866022965932956,2,0.9485297380995824
2.0,20000.0,18.85,1.05,21068.0,779.838,811.148,96.14003856262975,0.0,73326.0,20000.0,0.27275454818209094,2,0.9614003856262976
2.0,22500.0,18.85,1.05,23675.0,787.504,811.148,97.08511886856652,0.0,73326.0,22500.0,0.3068488667048523,2,0.9708511886856652
2.0,25000.0,18.85,1.05,26276.0,793.122,811.148,97.77771750654628,-0.0,73326.0,25000.0,0.3409431852276137,2,0.9777771750654628
2.0,27500.0,18.85,1.05,28870.0,797.449,811.148,98.31115899934412,-0.0,73326.0,27500.0,0.37503750375037503,2,0.9831115899934412
2.0,30000.0,18.85,1.05,31452.0,800.476,811.148,98.68433380838022,0.0,73326.0,30000.0,0.4091318222731364,2,0.9868433380838022
2.0,32500.0,18.85,1.05,34026.0,802.754,811.148,98.96517035115664,0.0,73326.0,32500.0,0.4432261407958978,2,0.9896517035115664
2.0,35000.0,18.85,1.05,36592.0,804.502,811.148,99.180667399784,-0.0,73326.0,35000.0,0.47732045931865913,2,0.99180667399784
2.0,37500.0,18.85,1.04,39151.0,805.772,811.148,99.33723562161283,-0.0,73326.0,37500.0,0.5114147778414205,2,0.9933723562161283
2.0,40000.0,18.85,1.04,41701.0,806.777,811.148,99.46113409636712,0.0,73326.0,40000.0,0.5455090963641819,2,0.9946113409636712
2.0,42500.0,18.85,1.04,44244.0,807.628,811.148,99.56604713319888,0.0,73326.0,42500.0,0.5796034148869432,2,0.9956604713319888
2.0,45000.0,18.85,1.04,46778.0,808.363,811.148,99.65665945055648,0.0,73326.0,45000.0,0.6136977334097046,2,0.9965665945055647
2.0,47500.0,18.85,1.04,49304.0,808.852,811.148,99.7169443800638,-0.0,73326.0,47500.0,0.647792051932466,2,0.997169443800638
2.0,50000.0,18.85,1.04,51824.0,809.222,811.148,99.7625587439037,-0.0,73326.0,50000.0,0.6818863704552274,2,0.997625587439037
2.0,55000.0,18.85,1.03,56765.0,809.879,811.148,99.84355506023562,0.0,73326.0,55000.0,0.7500750075007501,2,0.9984355506023561
2.0,60000.0,18.85,1.02,61279.0,810.514,811.148,99.92183917115,0.0,73326.0,60000.0,0.8182636445462728,2,0.9992183917115
2.0,65000.0,18.85,1.01,65648.0,811.056,811.148,99.98865805007225,0.0,73326.0,65000.0,0.8864522815917956,2,0.9998865805007224
2.0,70000.0,18.85,0.85,59342.0,811.148,811.148,100.0,0.0,73326.0,70000.0,0.9546409186373183,2,1.0
2.0,75000.0,18.85,0.71,53621.0,811.148,811.148,100.0,0.0,73326.0,75000.0,1.022829555682841,2,1.0
2.0,80000.0,18.85,0.61,48454.0,811.148,811.148,100.0,0.0,73326.0,80000.0,1.0910181927283638,2,1.0
2.0,85000.0,18.85,0.51,43582.0,811.148,811.148,100.0,0.0,73326.0,85000.0,1.1592068297738864,2,1.0
2.0,90000.0,18.85,0.43,39008.0,811.148,811.148,100.0,0.0,73326.0,90000.0,1.2273954668194091,2,1.0
2.0,95000.0,18.85,0.37,34729.0,811.148,811.148,100.0,0.0,73326.0,95000.0,1.295584103864932,2,1.0
2.0,100000.0,18.85,0.31,30745.0,811.148,811.148,100.0,0.0,73326.0,100000.0,1.3637727409104548,2,1.0
2.0,125000.0,18.85,0.12,15287.0,811.148,811.148,100.0,0.0,73326.0,125000.0,1.7047159261380684,2,1.0
2.0,150000.0,18.85,0.09,13166.0,811.148,811.148,100.0,0.0,73326.0,150000.0,2.045659111365682,2,1.0
2.0,175000.0,18.85,0.08,13166.0,811.148,811.148,100.0,0.0,73326.0,175000.0,2.3866022965932956,2,1.0
2.0,200000.0,18.85,0.07,13166.0,811.148,811.148,100.0,0.0,73326.0,200000.0,2.7275454818209095,2,1.0
2.0,225000.0,18.85,0.06,13166.0,811.148,811.148,100.0,0.0,73326.0,225000.0,3.068488667048523,2,1.0
2.0,250000.0,18.85,0.05,13166.0,811.148,811.148,100.0,0.0,73326.0,250000.0,3.409431852276137,2,1.0
2.0,275000.0,18.85,0.05,13166.0,811.148,811.148,100.0,0.0,73326.0,275000.0,3.7503750375037503,2,1.0
2.0,300000.0,18.85,0.04,13166.0,811.148,811.148,100.0,0.0,73326.0,300000.0,4.091318222731364,2,1.0
2.0,300000.0,18.85,0.04,13166.0,811.148,811.148,100.0,0.0,73326.0,305000.0,4.1595068597768865,2,1.0
2.0,300000.0,18.85,0.04,13166.0,811.148,811.148,100.0,0.0,73326.0,0.0,0.0,3,0.0
3.0,1000.0,18.85,1.06,1063.0,168.909,811.147,20.82347589277899,0.0,73326.0,1000.0,0.013637727409104548,3,0.2082347589277899
3.0,2000.0,18.85,1.06,2125.0,274.144,811.148,33.79703827168408,0.0,73326.0,2000.0,0.027275454818209095,3,0.3379703827168408
3.0,3000.0,18.85,1.06,3186.0,354.575,811.148,43.71273799602539,0.0,73326.0,3000.0,0.04091318222731364,3,0.4371273799602539
3.0,4000.0,18.85,1.06,4246.0,418.768,811.148,51.62658355811762,0.0,73326.0,4000.0,0.05455090963641819,3,0.5162658355811762
3.0,5000.0,18.85,1.06,5306.0,471.744,811.148,58.15757420347458,0.0,73326.0,5000.0,0.06818863704552273,3,0.5815757420347458
3.0,6000.0,18.85,1.06,6366.0,516.326,811.148,63.65373519998817,0.0,73326.0,6000.0,0.08182636445462728,3,0.6365373519998817
3.0,7000.0,18.85,1.06,7424.0,553.952,811.148,68.2923461563118,-0.0,73326.0,7000.0,0.09546409186373182,3,0.6829234615631179
3.0,8000.0,18.85,1.06,8483.0,585.467,811.148,72.17758041689063,-0.0,73326.0,8000.0,0.10910181927283638,3,0.7217758041689063
3.0,9000.0,18.85,1.06,9540.0,612.063,811.148,75.45639020252777,-0.0,73326.0,9000.0,0.12273954668194093,3,0.7545639020252777
3.0,10000.0,18.85,1.06,10597.0,634.841,811.148,78.26450906616301,-0.0,73326.0,10000.0,0.13637727409104547,3,0.7826450906616301
3.0,12500.0,18.85,1.06,13236.0,679.089,811.148,83.71949385315627,-0.0,73326.0,12500.0,0.17047159261380684,3,0.8371949385315627
3.0,15000.0,18.85,1.06,15871.0,711.182,811.148,87.67598514697687,0.0,73326.0,15000.0,0.2045659111365682,3,0.8767598514697688
3.0,17500.0,18.85,1.06,18503.0,734.029,811.148,90.49261047305794,0.0,73326.0,17500.0,0.23866022965932956,3,0.9049261047305793
3.0,20000.0,18.85,1.06,21130.0,750.783,811.148,92.55807818055398,0.0,73326.0,20000.0,0.27275454818209094,3,0.9255807818055398
3.0,22500.0,18.85,1.06,23754.0,763.595,811.148,94.13756799005851,-0.0,73326.0,22500.0,0.3068488667048523,3,0.9413756799005851
3.0,25000.0,18.85,1.05,26373.0,773.048,811.148,95.30295334513552,-0.0,73326.0,25000.0,0.3409431852276137,3,0.9530295334513552
3.0,27500.0,18.85,1.05,28988.0,780.272,811.148,96.1935429785933,0.0,73326.0,27500.0,0.37503750375037503,3,0.961935429785933
3.0,30000.0,18.85,1.05,31599.0,786.136,811.148,96.91646900442336,0.0,73326.0,30000.0,0.4091318222731364,3,0.9691646900442337
3.0,32500.0,18.85,1.05,34203.0,790.814,811.148,97.4931825018369,0.0,73326.0,32500.0,0.4432261407958978,3,0.974931825018369
3.0,35000.0,18.85,1.05,36798.0,794.55,811.148,97.95376429455536,-0.0,73326.0,35000.0,0.47732045931865913,3,0.9795376429455536
3.0,37500.0,18.85,1.05,39388.0,797.466,811.148,98.31325479443947,-0.0,73326.0,37500.0,0.5114147778414205,3,0.9831325479443948
3.0,40000.0,18.85,1.05,41972.0,799.813,811.148,98.60259779966172,-0.0,73326.0,40000.0,0.5455090963641819,3,0.9860259779966172
3.0,42500.0,18.85,1.05,44551.0,801.718,811.148,98.83745013240492,0.0,73326.0,42500.0,0.5796034148869432,3,0.9883745013240492
3.0,45000.0,18.85,1.05,47124.0,803.295,811.148,99.0318659480144,0.0,73326.0,45000.0,0.6136977334097046,3,0.990318659480144
3.0,47500.0,18.85,1.05,49692.0,804.517,811.148,99.1825166307505,-0.0,73326.0,47500.0,0.647792051932466,3,0.991825166307505
3.0,50000.0,18.85,1.05,52254.0,805.591,811.148,99.3149215679506,-0.0,73326.0,50000.0,0.6818863704552274,3,0.9931492156795061
3.0,55000.0,18.85,1.04,57362.0,807.232,811.148,99.51722743568374,0.0,73326.0,55000.0,0.7500750075007501,3,0.9951722743568374
3.0,60000.0,18.85,1.04,62463.0,808.237,811.148,99.64112591043803,0.0,73326.0,60000.0,0.8182636445462728,3,0.9964112591043803
3.0,65000.0,18.85,1.04,67459.0,808.897,811.148,99.72249207296326,0.0,73326.0,65000.0,0.8864522815917956,3,0.9972249207296326
3.0,70000.0,18.85,1.03,72115.0,809.408,811.148,99.78548920788808,0.0,73326.0,70000.0,0.9546409186373183,3,0.9978548920788808
3.0,75000.0,18.85,1.02,76759.0,809.906,811.148,99.84688367597528,-0.0,73326.0,75000.0,1.022829555682841,3,0.9984688367597527
3.0,80000.0,18.85,1.02,81714.0,810.393,811.148,99.90692204135374,0.0,73326.0,80000.0,1.0910181927283638,3,0.9990692204135374
3.0,85000.0,18.85,1.02,86390.0,810.747,811.148,99.9505638921627,0.0,73326.0,85000.0,1.1592068297738864,3,0.999505638921627
3.0,90000.0,18.85,1.01,91046.0,811.056,811.148,99.98865805007225,-0.0,73326.0,90000.0,1.2273954668194091,3,0.9998865805007224
3.0,95000.0,18.85,0.88,83581.0,811.148,811.148,100.0,0.0,73326.0,95000.0,1.295584103864932,3,1.0
3.0,100000.0,18.85,0.73,72851.0,811.148,811.148,100.0,0.0,73326.0,100000.0,1.3637727409104548,3,1.0
3.0,125000.0,18.85,0.39,48295.0,811.148,811.148,100.0,0.0,73326.0,125000.0,1.7047159261380684,3,1.0
3.0,150000.0,18.85,0.23,34620.0,811.148,811.148,100.0,0.0,73326.0,150000.0,2.045659111365682,3,1.0
3.0,175000.0,18.85,0.14,24293.0,811.148,811.148,100.0,0.0,73326.0,175000.0,2.3866022965932956,3,1.0
3.0,200000.0,18.85,0.1,19447.0,811.148,811.148,100.0,0.0,73326.0,200000.0,2.7275454818209095,3,1.0
3.0,225000.0,18.85,0.09,19447.0,811.148,811.148,100.0,0.0,73326.0,225000.0,3.068488667048523,3,1.0
3.0,250000.0,18.85,0.08,19447.0,811.148,811.148,100.0,0.0,73326.0,250000.0,3.409431852276137,3,1.0
3.0,275000.0,18.85,0.07,19447.0,811.148,811.148,100.0,0.0,73326.0,275000.0,3.7503750375037503,3,1.0
3.0,300000.0,18.85,0.06,19447.0,811.148,811.148,100.0,0.0,73326.0,300000.0,4.091318222731364,3,1.0
3.0,300000.0,18.85,0.06,19447.0,811.148,811.148,100.0,0.0,73326.0,305000.0,4.1595068597768865,3,1.0
3.0,300000.0,18.85,0.06,19447.0,811.148,811.148,100.0,0.0,73326.0,0.0,0.0,6,0.0
6.0,1000.0,18.85,1.06,1063.0,104.294,811.147,12.857595478994558,0.0,73326.0,1000.0,0.013637727409104548,6,0.12857595478994557
6.0,2000.0,18.85,1.06,2125.0,178.583,811.148,22.01608091248453,0.0,73326.0,2000.0,0.027275454818209095,6,0.22016080912484529
6.0,3000.0,18.85,1.06,3187.0,240.609,811.148,29.662774240952327,0.0,73326.0,3000.0,0.04091318222731364,6,0.2966277424095233
6.0,4000.0,18.85,1.06,4249.0,293.976,811.148,36.24196817350224,0.0,73326.0,4000.0,0.05455090963641819,6,0.36241968173502237
6.0,5000.0,18.85,1.06,5310.0,340.956,811.148,42.033759560524096,0.0,73326.0,5000.0,0.06818863704552273,6,0.420337595605241
6.0,6000.0,18.85,1.06,6371.0,382.455,811.148,47.1498419523934,0.0,73326.0,6000.0,0.08182636445462728,6,0.471498419523934
6.0,7000.0,18.85,1.06,7432.0,419.374,811.148,51.70129248916351,0.0,73326.0,7000.0,0.09546409186373182,6,0.5170129248916351
6.0,8000.0,18.85,1.06,8492.0,452.494,811.148,55.78439446315593,0.0,73326.0,8000.0,0.10910181927283638,6,0.5578439446315593
6.0,9000.0,18.85,1.06,9553.0,482.351,811.148,59.465227060906265,0.0,73326.0,9000.0,0.12273954668194093,6,0.5946522706090627
6.0,10000.0,18.85,1.06,10612.0,509.217,811.148,62.77732300394009,0.0,73326.0,10000.0,0.13637727409104547,6,0.6277732300394009
6.0,12500.0,18.85,1.06,13260.0,565.743,811.148,69.74596497803114,-0.0,73326.0,12500.0,0.17047159261380684,6,0.6974596497803114
6.0,15000.0,18.85,1.06,15906.0,609.677,811.148,75.1622391967927,-0.0,73326.0,15000.0,0.2045659111365682,6,0.751622391967927
6.0,17500.0,18.85,1.06,18550.0,643.861,811.148,79.3765132873409,0.0,73326.0,17500.0,0.23866022965932956,6,0.793765132873409
6.0,20000.0,18.85,1.06,21192.0,671.061,811.148,82.72978543989507,-0.0,73326.0,20000.0,0.27275454818209094,6,0.8272978543989506
6.0,22500.0,18.85,1.06,23832.0,693.014,811.148,85.43619660037379,0.0,73326.0,22500.0,0.3068488667048523,6,0.8543619660037379
6.0,25000.0,18.85,1.06,26469.0,711.054,811.148,87.66020504272956,-0.0,73326.0,25000.0,0.3409431852276137,6,0.8766020504272956
6.0,27500.0,18.85,1.06,29105.0,725.889,811.148,89.48909446858033,-0.0,73326.0,27500.0,0.37503750375037503,6,0.8948909446858033
6.0,30000.0,18.85,1.06,31739.0,737.854,811.148,90.96416436951088,0.0,73326.0,30000.0,0.4091318222731364,6,0.9096416436951088
6.0,32500.0,18.85,1.06,34370.0,747.786,811.148,92.18860183345086,-0.0,73326.0,32500.0,0.4432261407958978,6,0.9218860183345086
6.0,35000.0,18.85,1.06,36999.0,756.437,811.148,93.25511497285328,0.0,73326.0,35000.0,0.47732045931865913,6,0.9325511497285328
6.0,37500.0,18.85,1.06,39624.0,763.974,811.148,94.18429189247831,-0.0,73326.0,37500.0,0.5114147778414205,6,0.9418429189247831
6.0,40000.0,18.85,1.06,42243.0,770.121,811.148,94.94210674254266,0.0,73326.0,40000.0,0.5455090963641819,6,0.9494210674254266
6.0,42500.0,18.85,1.06,44857.0,775.416,811.148,95.59488527371084,0.0,73326.0,42500.0,0.5796034148869432,6,0.9559488527371084
6.0,45000.0,18.85,1.05,47468.0,780.02,811.148,96.1624758983564,-0.0,73326.0,45000.0,0.6136977334097046,6,0.961624758983564
6.0,47500.0,18.85,1.05,50077.0,784.063,811.148,96.66090528485552,0.0,73326.0,47500.0,0.647792051932466,6,0.9666090528485551
6.0,50000.0,18.85,1.05,52682.0,787.408,811.148,97.07328379038104,-0.0,73326.0,50000.0,0.6818863704552274,6,0.9707328379038104
6.0,55000.0,18.85,1.05,57882.0,792.677,811.148,97.72285698787395,0.0,73326.0,55000.0,0.7500750075007501,6,0.9772285698787395
6.0,60000.0,18.85,1.05,63070.0,796.702,811.148,98.21906729721331,0.0,73326.0,60000.0,0.8182636445462728,6,0.9821906729721331
6.0,65000.0,18.85,1.05,68245.0,799.692,811.148,98.58768066986542,0.0,73326.0,65000.0,0.8864522815917956,6,0.9858768066986542
6.0,70000.0,18.85,1.05,73414.0,801.988,811.148,98.8707362898016,-0.0,73326.0,70000.0,0.9546409186373183,6,0.988707362898016
6.0,75000.0,18.85,1.05,78596.0,803.842,811.148,99.0993012372588,-0.0,73326.0,75000.0,1.022829555682841,6,0.990993012372588
6.0,80000.0,18.85,1.05,83749.0,805.477,811.148,99.30086741260534,-0.0,73326.0,80000.0,1.0910181927283638,6,0.9930086741260534
6.0,85000.0,18.85,1.04,88779.0,806.45,811.148,99.42082086129784,0.0,73326.0,85000.0,1.1592068297738864,6,0.9942082086129784
6.0,90000.0,18.85,1.04,93596.0,807.142,811.148,99.50613204988484,0.0,73326.0,90000.0,1.2273954668194091,6,0.9950613204988484
6.0,95000.0,18.85,1.03,98276.0,807.822,811.148,99.5899638536987,-0.0,73326.0,95000.0,1.295584103864932,6,0.995899638536987
6.0,100000.0,18.85,1.03,103112.0,808.493,811.148,99.67268611893267,-0.0,73326.0,100000.0,1.3637727409104548,6,0.9967268611893267
6.0,125000.0,18.85,1.03,128377.0,810.07,811.148,99.86710193454216,-0.0,73326.0,125000.0,1.7047159261380684,6,0.9986710193454216
6.0,150000.0,18.85,1.02,152402.0,810.977,811.148,99.97891876698208,-0.0,73326.0,150000.0,2.045659111365682,6,0.9997891876698207
6.0,175000.0,18.85,0.69,120328.0,811.148,811.148,100.0,0.0,73326.0,175000.0,2.3866022965932956,6,1.0
6.0,200000.0,18.85,0.41,82095.0,811.148,811.148,100.0,0.0,73326.0,200000.0,2.7275454818209095,6,1.0
6.0,225000.0,18.85,0.28,63383.0,811.148,811.148,100.0,0.0,73326.0,225000.0,3.068488667048523,6,1.0
6.0,250000.0,18.85,0.22,56232.0,811.148,811.148,100.0,0.0,73326.0,250000.0,3.409431852276137,6,1.0
6.0,275000.0,18.85,0.18,49966.0,811.148,811.148,100.0,0.0,73326.0,275000.0,3.7503750375037503,6,1.0
6.0,300000.0,18.85,0.15,44651.0,811.148,811.148,100.0,0.0,73326.0,300000.0,4.091318222731364,6,1.0
6.0,300000.0,18.85,0.15,44651.0,811.148,811.148,100.0,0.0,73326.0,305000.0,4.1595068597768865,6,1.0
6.0,300000.0,18.85,0.15,44651.0,811.148,811.148,100.0,0.0,73326.0,0.0,0.0,12,0.0
12.0,1000.0,18.85,1.06,1063.0,62.674,811.148,7.726580106219827,0.0,73326.0,1000.0,0.013637727409104548,12,0.07726580106219827
12.0,2000.0,18.85,1.06,2125.0,111.812,811.148,13.784414188286233,0.0,73326.0,2000.0,0.027275454818209095,12,0.13784414188286231
12.0,3000.0,18.85,1.06,3188.0,155.083,811.148,19.11895239832928,0.0,73326.0,3000.0,0.04091318222731364,12,0.1911895239832928
12.0,4000.0,18.85,1.06,4250.0,194.501,811.148,23.9784848141153,0.0,73326.0,4000.0,0.05455090963641819,12,0.239784848141153
12.0,5000.0,18.85,1.06,5312.0,230.64,811.148,28.433775340628344,-0.0,73326.0,5000.0,0.06818863704552273,12,0.2843377534062834
12.0,6000.0,18.85,1.06,6374.0,264.318,811.148,32.58566870657389,0.0,73326.0,6000.0,0.08182636445462728,12,0.3258566870657389
12.0,7000.0,18.85,1.06,7436.0,295.706,811.148,36.45524614496984,-0.0,73326.0,7000.0,0.09546409186373182,12,0.36455246144969844
12.0,8000.0,18.85,1.06,8497.0,325.069,811.148,40.07517740289072,0.0,73326.0,8000.0,0.10910181927283638,12,0.4007517740289072
12.0,9000.0,18.85,1.06,9559.0,352.313,811.148,43.43387396627988,-0.0,73326.0,9000.0,0.12273954668194093,12,0.43433873966279885
12.0,10000.0,18.85,1.06,10620.0,377.815,811.148,46.57781317342828,0.0,73326.0,10000.0,0.13637727409104547,12,0.46577813173428284
12.0,12500.0,18.85,1.06,13272.0,434.709,811.148,53.59182294723034,0.0,73326.0,12500.0,0.17047159261380684,12,0.5359182294723034
12.0,15000.0,18.85,1.06,15924.0,482.889,811.148,59.53155281157076,-0.0,73326.0,15000.0,0.2045659111365682,12,0.5953155281157076
12.0,17500.0,18.85,1.06,18574.0,524.024,811.148,64.60276053198676,0.0,73326.0,17500.0,0.23866022965932956,12,0.6460276053198676
12.0,20000.0,18.85,1.06,21223.0,559.349,811.148,68.95769945805205,0.0,73326.0,20000.0,0.27275454818209094,12,0.6895769945805205
12.0,22500.0,18.85,1.06,23871.0,589.299,811.148,72.64999728779458,-0.0,73326.0,22500.0,0.3068488667048523,12,0.7264999728779458
12.0,25000.0,18.85,1.06,26518.0,615.291,811.148,75.85434470651472,-0.0,73326.0,25000.0,0.3409431852276137,12,0.7585434470651472
12.0,27500.0,18.85,1.06,29163.0,637.875,811.148,78.63854684965013,0.0,73326.0,27500.0,0.37503750375037503,12,0.7863854684965013
12.0,30000.0,18.85,1.06,31808.0,657.465,811.148,81.0536424918757,-0.0,73326.0,30000.0,0.4091318222731364,12,0.8105364249187571
12.0,32500.0,18.85,1.06,34452.0,674.215,811.148,83.11861707111403,-0.0,73326.0,32500.0,0.4432261407958978,12,0.8311861707111403
12.0,35000.0,18.85,1.06,37095.0,688.431,811.148,84.8711948990813,0.0,73326.0,35000.0,0.47732045931865913,12,0.848711948990813
12.0,37500.0,18.85,1.06,39736.0,700.551,811.148,86.36537351999883,0.0,73326.0,37500.0,0.5114147778414205,12,0.8636537351999882
12.0,40000.0,18.85,1.06,42375.0,711.195,811.148,87.6775878138145,-0.0,73326.0,40000.0,0.5455090963641819,12,0.876775878138145
12.0,42500.0,18.85,1.06,45010.0,720.708,811.148,88.85037009275742,0.0,73326.0,42500.0,0.5796034148869432,12,0.8885037009275741
12.0,45000.0,18.85,1.06,47641.0,729.196,811.148,89.89678825565741,0.0,73326.0,45000.0,0.6136977334097046,12,0.8989678825565741
12.0,47500.0,18.85,1.06,50269.0,736.805,811.148,90.83484148392156,-0.0,73326.0,47500.0,0.647792051932466,12,0.9083484148392157
12.0,50000.0,18.85,1.06,52895.0,743.654,811.148,91.67920034321726,-0.0,73326.0,50000.0,0.6818863704552274,12,0.9167920034321726
12.0,55000.0,18.85,1.06,58141.0,755.296,811.148,93.11445013733622,-0.0,73326.0,55000.0,0.7500750075007501,12,0.9311445013733622
12.0,60000.0,18.85,1.06,63379.0,764.892,811.148,94.29746482762702,0.0,73326.0,60000.0,0.8182636445462728,12,0.9429746482762702
12.0,65000.0,18.85,1.06,68609.0,772.905,811.148,95.28532400992174,-0.0,73326.0,65000.0,0.8864522815917956,12,0.9528532400992173
12.0,70000.0,18.85,1.05,73831.0,779.603,811.148,96.1110672774882,0.0,73326.0,70000.0,0.9546409186373183,12,0.961110672774882
12.0,75000.0,18.85,1.05,79045.0,784.9,811.148,96.76409237278524,-0.0,73326.0,75000.0,1.022829555682841,12,0.9676409237278524
12.0,80000.0,18.85,1.05,84268.0,788.81,811.148,97.24612524471488,0.0,73326.0,80000.0,1.0910181927283638,12,0.9724612524471488
12.0,85000.0,18.85,1.05,89499.0,791.937,811.148,97.6316282601942,0.0,73326.0,85000.0,1.1592068297738864,12,0.976316282601942
12.0,90000.0,18.85,1.05,94721.0,794.662,811.148,97.96757188577178,-0.0,73326.0,90000.0,1.2273954668194091,12,0.9796757188577178
12.0,95000.0,18.85,1.05,99915.0,797.12,811.148,98.27059920014597,0.0,73326.0,95000.0,1.295584103864932,12,0.9827059920014597
12.0,100000.0,18.85,1.05,105033.0,799.244,811.148,98.53245030499984,-0.0,73326.0,100000.0,1.3637727409104548,12,0.9853245030499984
12.0,125000.0,18.85,1.04,129608.0,805.342,811.148,99.284224333907,-0.0,73326.0,125000.0,1.7047159261380684,12,0.99284224333907
12.0,150000.0,18.85,1.03,155233.0,807.942,811.148,99.60475770143056,-0.0,73326.0,150000.0,2.045659111365682,12,0.9960475770143056
12.0,175000.0,18.85,1.03,180757.0,809.538,811.148,99.80151587626426,-0.0,73326.0,175000.0,2.3866022965932956,12,0.9980151587626426
12.0,200000.0,18.85,1.03,205731.0,810.339,811.148,99.9002648098744,-0.0,73326.0,200000.0,2.7275454818209095,12,0.999002648098744
12.0,225000.0,18.85,1.02,229937.0,810.831,811.148,99.960919585575,-0.0,73326.0,225000.0,3.068488667048523,12,0.99960919585575
12.0,250000.0,18.85,0.96,239251.0,811.148,811.148,100.0,-0.0,73326.0,250000.0,3.409431852276137,12,1.0
12.0,275000.0,18.85,0.77,211831.0,811.148,811.148,100.0,-0.0,73326.0,275000.0,3.7503750375037503,12,1.0
12.0,300000.0,18.85,0.62,185214.0,811.148,811.148,100.0,-0.0,73326.0,300000.0,4.091318222731364,12,1.0
12.0,300000.0,18.85,0.62,185214.0,811.148,811.148,100.0,-0.0,73326.0,305000.0,4.1595068597768865,12,1.0
12.0,300000.0,18.85,0.62,185214.0,811.148,811.148,100.0,-0.0,73326.0,0.0,0.0,24,0.0
24.0,1000.0,18.85,1.06,1063.0,37.426,811.148,4.6139545434372025,0.0,73326.0,1000.0,0.013637727409104548,24,0.04613954543437202
24.0,2000.0,18.85,1.06,2126.0,68.501,811.148,8.444944695665896,0.0,73326.0,2000.0,0.027275454818209095,24,0.08444944695665896
24.0,3000.0,18.85,1.06,3188.0,97.246,811.148,11.988687637767706,0.0,73326.0,3000.0,0.04091318222731364,24,0.11988687637767706
24.0,4000.0,18.85,1.06,4251.0,124.184,811.148,15.309659889440644,0.0,73326.0,4000.0,0.05455090963641819,24,0.15309659889440644
24.0,5000.0,18.85,1.06,5313.0,149.717,811.148,18.45742084058643,0.0,73326.0,5000.0,0.06818863704552273,24,0.1845742084058643
24.0,7500.0,18.85,1.06,7969.0,208.206,811.148,25.66806550715776,0.0,73326.0,7500.0,0.1022829555682841,24,0.2566806550715776
24.0,10000.0,18.85,1.06,10624.0,260.857,811.148,32.15898948157426,-0.0,73326.0,10000.0,0.13637727409104547,24,0.32158989481574257
24.0,12500.0,18.85,1.06,13278.0,308.884,811.148,38.079857190056565,-0.0,73326.0,12500.0,0.17047159261380684,24,0.38079857190056565
24.0,15000.0,18.85,1.06,15932.0,352.701,811.148,43.481707407279565,-0.0,73326.0,15000.0,0.2045659111365682,24,0.43481707407279563
24.0,17500.0,18.85,1.06,18585.0,392.539,811.148,48.393018290127074,0.0,73326.0,17500.0,0.23866022965932956,24,0.48393018290127077
24.0,20000.0,18.85,1.06,21238.0,428.637,811.148,52.8432542519984,0.0,73326.0,20000.0,0.27275454818209094,24,0.5284325425199841
24.0,22500.0,18.85,1.06,23890.0,460.817,811.148,56.81047108542461,0.0,73326.0,22500.0,0.3068488667048523,24,0.5681047108542461
24.0,25000.0,18.85,1.06,26542.0,489.869,811.148,60.39206162130709,0.0,73326.0,25000.0,0.3409431852276137,24,0.6039206162130709
24.0,27500.0,18.85,1.06,29193.0,516.218,811.148,63.64042073702949,-0.0,73326.0,27500.0,0.37503750375037503,24,0.6364042073702949
24.0,30000.0,18.85,1.06,31843.0,540.314,811.148,66.61102536158629,-0.0,73326.0,30000.0,0.4091318222731364,24,0.6661102536158628
24.0,40000.0,18.85,1.06,42438.0,616.652,811.148,76.02213159620686,0.0,73326.0,40000.0,0.5455090963641819,24,0.7602213159620687
24.0,50000.0,18.85,1.06,53002.0,669.458,811.148,82.53216429061034,-0.0,73326.0,50000.0,0.6818863704552274,24,0.8253216429061034
24.0,60000.0,18.85,1.06,63534.0,706.431,811.148,87.09027205885978,-0.0,73326.0,60000.0,0.8182636445462728,24,0.8709027205885979
24.0,70000.0,18.85,1.06,74044.0,731.086,811.148,90.12979135743416,0.0,73326.0,70000.0,0.9546409186373183,24,0.9012979135743415
24.0,80000.0,18.85,1.06,84530.0,749.722,811.148,92.42727591019148,-0.0,73326.0,80000.0,1.0910181927283638,24,0.9242727591019149
24.0,90000.0,18.85,1.06,95039.0,764.484,811.148,94.24716574533872,0.0,73326.0,90000.0,1.2273954668194091,24,0.9424716574533872
24.0,100000.0,18.85,1.06,105547.0,775.465,811.148,95.60092609486802,-0.0,73326.0,100000.0,1.3637727409104548,24,0.9560092609486801
24.0,125000.0,18.85,1.05,130905.0,791.574,811.148,97.58687687080533,0.0,73326.0,125000.0,1.7047159261380684,24,0.9758687687080533
24.0,150000.0,18.85,1.04,156101.0,799.469,811.148,98.56018876949706,-0.0,73326.0,150000.0,2.045659111365682,24,0.9856018876949706
24.0,175000.0,18.85,1.04,181942.0,804.05,811.148,99.12494390666068,0.0,73326.0,175000.0,2.3866022965932956,24,0.9912494390666068
24.0,200000.0,18.85,1.04,207731.0,806.502,811.148,99.42723152864828,-0.0,73326.0,200000.0,2.7275454818209095,24,0.9942723152864827
24.0,225000.0,18.85,1.04,233470.0,808.115,811.148,99.62608549857732,0.0,73326.0,225000.0,3.068488667048523,24,0.9962608549857732
24.0,250000.0,18.85,1.04,259086.0,809.417,811.148,99.78659874646796,-0.0,73326.0,250000.0,3.409431852276137,24,0.9978659874646796
24.0,275000.0,18.85,1.03,283805.0,810.141,811.148,99.87585496111684,0.0,73326.0,275000.0,3.7503750375037503,24,0.9987585496111684
24.0,300000.0,18.85,1.03,308482.0,810.579,811.148,99.9298525053381,-0.0,73326.0,300000.0,4.091318222731364,24,0.999298525053381
24.0,300000.0,18.85,1.03,308482.0,810.579,811.148,99.9298525053381,-0.0,73326.0,305000.0,4.1595068597768865,24,0.999298525053381
24.0,300000.0,18.85,1.03,308482.0,810.579,811.148,99.9298525053381,-0.0,73326.0,0.0,0.0,36,0.0
36.0,1000.0,18.85,1.06,1063.0,27.472,811.148,3.386804874079699,0.0,73326.0,1000.0,0.013637727409104548,36,0.03386804874079699
36.0,2000.0,18.85,1.06,2126.0,51.31,811.148,6.325602726013009,0.0,73326.0,2000.0,0.027275454818209095,36,0.06325602726013009
36.0,3000.0,18.85,1.06,3188.0,73.554,811.148,9.06788896724149,0.0,73326.0,3000.0,0.04091318222731364,36,0.0906788896724149
36.0,4000.0,18.85,1.06,4251.0,94.833,811.148,11.691208016292958,0.0,73326.0,4000.0,0.05455090963641819,36,0.11691208016292957
36.0,5000.0,18.85,1.06,5313.0,115.001,811.148,14.177560691760322,0.0,73326.0,5000.0,0.06818863704552273,36,0.14177560691760321
36.0,7500.0,18.85,1.06,7970.0,162.474,811.148,20.03013013654721,0.0,73326.0,7500.0,0.1022829555682841,36,0.2003013013654721
36.0,10000.0,18.85,1.06,10625.0,206.145,811.148,25.41398117236312,-0.0,73326.0,10000.0,0.13637727409104547,36,0.2541398117236312
36.0,12500.0,18.85,1.06,13280.0,246.575,811.148,30.39827503735446,0.0,73326.0,12500.0,0.17047159261380684,36,0.3039827503735446
36.0,15000.0,18.85,1.06,15935.0,284.087,811.148,35.02283183833283,-0.0,73326.0,15000.0,0.2045659111365682,36,0.3502283183833283
36.0,17500.0,18.85,1.06,18589.0,319.493,811.148,39.38775661161712,-0.0,73326.0,17500.0,0.23866022965932956,36,0.3938775661161712
36.0,20000.0,18.85,1.06,21243.0,352.429,811.148,43.44817468575401,0.0,73326.0,20000.0,0.27275454818209094,36,0.4344817468575401
36.0,22500.0,18.85,1.06,23897.0,383.172,811.148,47.23823519259124,-0.0,73326.0,22500.0,0.3068488667048523,36,0.4723823519259124
36.0,25000.0,18.85,1.06,26550.0,411.413,811.148,50.71984397421926,-0.0,73326.0,25000.0,0.3409431852276137,36,0.5071984397421926
36.0,27500.0,18.85,1.06,29202.0,437.491,811.148,53.93479365048055,0.0,73326.0,27500.0,0.37503750375037503,36,0.5393479365048055
36.0,30000.0,18.85,1.06,31855.0,461.783,811.148,56.929561559666055,0.0,73326.0,30000.0,0.4091318222731364,36,0.5692956155966605
36.0,40000.0,18.85,1.06,42459.0,543.481,811.148,67.00145965964288,-0.0,73326.0,40000.0,0.5455090963641819,36,0.6700145965964288
36.0,50000.0,18.85,1.06,53043.0,605.236,811.148,74.61474354864957,0.0,73326.0,50000.0,0.6818863704552274,36,0.7461474354864958
36.0,60000.0,18.85,1.06,63589.0,651.225,811.148,80.28436240981917,0.0,73326.0,60000.0,0.8182636445462728,36,0.8028436240981917
36.0,70000.0,18.85,1.06,74116.0,686.234,811.148,84.60034420352389,-0.0,73326.0,70000.0,0.9546409186373183,36,0.8460034420352389
36.0,80000.0,18.85,1.06,84624.0,712.919,811.148,87.8901260928955,0.0,73326.0,80000.0,1.0910181927283638,36,0.878901260928955
36.0,90000.0,18.85,1.06,95144.0,733.336,811.148,90.40717600240646,-0.0,73326.0,90000.0,1.2273954668194091,36,0.9040717600240646
36.0,100000.0,18.85,1.06,105682.0,749.027,811.148,92.34159487541116,-0.0,73326.0,100000.0,1.3637727409104548,36,0.9234159487541116
36.0,125000.0,18.85,1.05,131484.0,775.046,811.148,95.54927090987096,0.0,73326.0,125000.0,1.7047159261380684,36,0.9554927090987095
36.0,150000.0,18.85,1.04,156391.0,790.074,811.148,97.4019537741571,-0.0,73326.0,150000.0,2.045659111365682,36,0.974019537741571
36.0,175000.0,18.85,1.04,182335.0,797.588,811.148,98.3282952063002,-0.0,73326.0,175000.0,2.3866022965932956,36,0.983282952063002
36.0,200000.0,18.85,1.04,208246.0,802.346,811.148,98.91487126886832,0.0,73326.0,200000.0,2.7275454818209095,36,0.9891487126886832
36.0,225000.0,18.85,1.04,234122.0,804.895,811.148,99.22911725110583,-0.0,73326.0,225000.0,3.068488667048523,36,0.9922911725110584
36.0,250000.0,18.85,1.04,259963.00000000003,806.738,811.148,99.45632609585428,-0.0,73326.0,250000.0,3.409431852276137,36,0.9945632609585427
36.0,275000.0,18.85,1.04,285768.0,808.145,811.148,99.62978396051028,0.0,73326.0,275000.0,3.7503750375037503,36,0.9962978396051028
36.0,300000.0,18.85,1.04,311388.0,809.329,811.148,99.77574992479794,-0.0,73326.0,300000.0,4.091318222731364,36,0.9977574992479794
36.0,300000.0,18.85,1.04,311388.0,809.329,811.148,99.77574992479794,-0.0,73326.0,305000.0,4.1595068597768865,36,0.9977574992479794
36.0,300000.0,18.85,1.04,311388.0,809.329,811.148,99.77574992479794,-0.0,73326.0,0.0,0.0,48,0.0
48.0,1000.0,18.85,1.06,1063.0,22.139,811.148,2.7293416244631064,0.0,73326.0,1000.0,0.013637727409104548,48,0.027293416244631063
48.0,2000.0,18.85,1.06,2126.0,41.839,811.148,5.157998293776228,0.0,73326.0,2000.0,0.027275454818209095,48,0.05157998293776228
48.0,3000.0,18.85,1.06,3188.0,60.431,811.148,7.450058435698541,-0.0,73326.0,3000.0,0.04091318222731364,48,0.07450058435698541
48.0,4000.0,18.85,1.06,4251.0,77.95,811.148,9.609836922485169,0.0,73326.0,4000.0,0.05455090963641819,48,0.09609836922485168
48.0,5000.0,18.85,1.06,5314.0,95.08,811.148,11.721658686207697,0.0,73326.0,5000.0,0.06818863704552273,48,0.11721658686207696
48.0,7500.0,18.85,1.06,7970.0,135.617,811.148,16.71914373209328,-0.0,73326.0,7500.0,0.1022829555682841,48,0.16719143732093278
48.0,10000.0,18.85,1.06,10626.0,173.387,811.148,21.375507305695137,0.0,73326.0,10000.0,0.13637727409104547,48,0.21375507305695138
48.0,12500.0,18.85,1.06,13281.0,208.655,811.148,25.723419154087782,0.0,73326.0,12500.0,0.17047159261380684,48,0.25723419154087784
48.0,15000.0,18.85,1.06,15937.0,242.118,811.148,29.848806876180426,0.0,73326.0,15000.0,0.2045659111365682,48,0.2984880687618043
48.0,17500.0,18.85,1.06,18591.0,273.643,811.148,33.73527395740358,-0.0,73326.0,17500.0,0.23866022965932956,48,0.3373527395740358
48.0,20000.0,18.85,1.06,21246.0,303.3,811.148,37.3914501422675,-0.0,73326.0,20000.0,0.27275454818209094,48,0.373914501422675
48.0,22500.0,18.85,1.06,23900.0,331.539,811.148,40.87281235976665,0.0,73326.0,22500.0,0.3068488667048523,48,0.40872812359766647
48.0,25000.0,18.85,1.06,26554.0,358.1,811.148,44.14730727314867,-0.0,73326.0,25000.0,0.3409431852276137,48,0.44147307273148667
48.0,27500.0,18.85,1.06,29207.0,382.824,811.148,47.19533303416885,-0.0,73326.0,27500.0,0.37503750375037503,48,0.47195333034168846
48.0,30000.0,18.85,1.06,31860.0,406.14,811.148,50.06977764846858,-0.0,73326.0,30000.0,0.4091318222731364,48,0.5006977764846858
48.0,40000.0,18.85,1.06,42469.0,486.756,811.148,60.00828455472983,0.0,73326.0,40000.0,0.5455090963641819,48,0.6000828455472983
48.0,50000.0,18.85,1.06,53072.0,551.219,811.148,67.95541627421876,0.0,73326.0,50000.0,0.6818863704552274,48,0.6795541627421876
48.0,60000.0,18.85,1.06,63666.0,602.1,811.148,74.22813099459037,-0.0,73326.0,60000.0,0.8182636445462728,48,0.7422813099459037
48.0,70000.0,18.85,1.06,74215.0,643.503,811.148,79.3323783082742,0.0,73326.0,70000.0,0.9546409186373183,48,0.793323783082742
48.0,80000.0,18.85,1.06,84735.0,675.709,811.148,83.30280047537563,0.0,73326.0,80000.0,1.0910181927283638,48,0.8330280047537564
48.0,90000.0,18.85,1.06,95234.0,701.362,811.148,86.46535527425327,-0.0,73326.0,90000.0,1.2273954668194091,48,0.8646535527425327
48.0,100000.0,18.85,1.06,105747.0,722.068,811.148,89.01803370038512,-0.0,73326.0,100000.0,1.3637727409104548,48,0.8901803370038511
48.0,125000.0,18.85,1.05,131745.0,757.87,811.148,93.43177817118456,-0.0,73326.0,125000.0,1.7047159261380684,48,0.9343177817118457
48.0,150000.0,18.85,1.04,156535.0,777.91,811.148,95.90235074240458,0.0,73326.0,150000.0,2.045659111365682,48,0.9590235074240457
48.0,175000.0,18.85,1.04,182532.0,790.569,811.148,97.46297839605104,0.0,73326.0,175000.0,2.3866022965932956,48,0.9746297839605105
48.0,200000.0,18.85,1.04,208503.0,797.576,811.148,98.32681582152702,-0.0,73326.0,200000.0,2.7275454818209095,48,0.9832681582152702
48.0,225000.0,18.85,1.04,234447.0,801.844,811.148,98.8529836725234,-0.0,73326.0,225000.0,3.068488667048523,48,0.988529836725234
48.0,250000.0,18.85,1.04,260365.0,804.335,811.148,99.16007929502383,0.0,73326.0,250000.0,3.409431852276137,48,0.9916007929502384
48.0,275000.0,18.85,1.04,286257.0,806.189,811.148,99.38864424248102,0.0,73326.0,275000.0,3.7503750375037503,48,0.9938864424248102
48.0,300000.0,18.85,1.04,312120.0,807.554,811.148,99.55692426043088,-0.0,73326.0,300000.0,4.091318222731364,48,0.9955692426043088
48.0,300000.0,18.85,1.04,312120.0,807.554,811.148,99.55692426043088,-0.0,73326.0,305000.0,4.1595068597768865,48,0.9955692426043088
48.0,300000.0,18.85,1.04,312120.0,807.554,811.148,99.55692426043088,-0.0,73326.0,0.0,0.0,72,0.0
72.0,1000.0,18.85,1.06,1063.0,16.311,811.148,2.0108537529526056,0.0,73326.0,1000.0,0.013637727409104548,72,0.020108537529526058
72.0,2000.0,18.85,1.06,2126.0,30.907,811.148,3.8102787654040937,0.0,73326.0,2000.0,0.027275454818209095,72,0.03810278765404094
72.0,3000.0,18.85,1.06,3188.0,45.29,811.148,5.583444698131537,0.0,73326.0,3000.0,0.04091318222731364,72,0.055834446981315365
72.0,4000.0,18.85,1.06,4251.0,58.871,811.148,7.257738415184406,0.0,73326.0,4000.0,0.05455090963641819,72,0.07257738415184406
72.0,5000.0,18.85,1.06,5314.0,72.331,811.148,8.917115002440985,-0.0,73326.0,5000.0,0.06818863704552273,72,0.08917115002440985
72.0,7500.0,18.85,1.06,7970.0,104.172,811.148,12.842539216024695,0.0,73326.0,7500.0,0.1022829555682841,72,0.12842539216024695
72.0,10000.0,18.85,1.06,10626.0,134.742,811.148,16.611271925715158,0.0,73326.0,10000.0,0.13637727409104547,72,0.16611271925715157
72.0,12500.0,18.85,1.06,13282.0,163.646,811.148,20.17461671606168,0.0,73326.0,12500.0,0.17047159261380684,72,0.2017461671606168
72.0,15000.0,18.85,1.06,15938.0,191.283,811.148,23.58176313077268,0.0,73326.0,15000.0,0.2045659111365682,72,0.2358176313077268
72.0,17500.0,18.85,1.06,18593.0,217.63,811.148,26.82987568236623,-0.0,73326.0,17500.0,0.23866022965932956,72,0.2682987568236623
72.0,20000.0,18.85,1.06,21248.0,242.784,811.148,29.930912731092228,-0.0,73326.0,20000.0,0.27275454818209094,72,0.2993091273109223
72.0,22500.0,18.85,1.06,23903.0,266.727,811.148,32.88265519979091,0.0,73326.0,22500.0,0.3068488667048523,72,0.3288265519979091
72.0,25000.0,18.85,1.06,26558.0,289.844,811.148,35.73256668326865,0.0,73326.0,25000.0,0.3409431852276137,72,0.3573256668326865
72.0,27500.0,18.85,1.06,29212.0,311.801,811.148,38.43947097200511,0.0,73326.0,27500.0,0.37503750375037503,72,0.38439470972005113
72.0,30000.0,18.85,1.06,31866.0,332.758,811.148,41.02309319630943,-0.0,73326.0,30000.0,0.4091318222731364,72,0.41023093196309435
72.0,40000.0,18.85,1.06,42480.0,407.533,811.148,50.24150956422256,0.0,73326.0,40000.0,0.5455090963641819,72,0.5024150956422256
72.0,50000.0,18.85,1.06,53089.0,470.578,811.148,58.0138273163467,-0.0,73326.0,50000.0,0.6818863704552274,72,0.580138273163467
72.0,60000.0,18.85,1.06,63693.0,523.631,811.148,64.55431068066493,0.0,73326.0,60000.0,0.8182636445462728,72,0.6455431068066493
72.0,70000.0,18.85,1.06,74294.0,568.633,811.148,70.10225014424002,0.0,73326.0,70000.0,0.9546409186373183,72,0.7010225014424002
72.0,80000.0,18.85,1.06,84888.0,606.878,811.148,74.81717269844714,-0.0,73326.0,80000.0,1.0910181927283638,72,0.7481717269844714
72.0,90000.0,18.85,1.06,95463.0,639.818,811.148,78.87808390084177,-0.0,73326.0,90000.0,1.2273954668194091,72,0.7887808390084178
72.0,100000.0,18.85,1.06,106006.0,668.192,811.148,82.37608919703926,0.0,73326.0,100000.0,1.3637727409104548,72,0.8237608919703926
72.0,125000.0,18.85,1.06,132282.0,718.357,811.148,88.56053395927746,-0.0,73326.0,125000.0,1.7047159261380684,72,0.8856053395927747
72.0,150000.0,18.85,1.06,158315.0,750.9,811.148,92.57250218209252,-0.0,73326.0,150000.0,2.045659111365682,72,0.9257250218209252
72.0,175000.0,18.85,1.05,183043.0,772.06,811.148,95.18115066547658,0.0,73326.0,175000.0,2.3866022965932956,72,0.9518115066547658
72.0,200000.0,18.85,1.04,208760.0,785.67,811.148,96.85901956239798,-0.0,73326.0,200000.0,2.7275454818209095,72,0.9685901956239797
72.0,225000.0,18.85,1.04,234773.0,794.124,811.148,97.90124613510729,0.0,73326.0,225000.0,3.068488667048523,72,0.9790124613510729
72.0,250000.0,18.85,1.04,260767.0,799.197,811.148,98.52665604797151,0.0,73326.0,250000.0,3.409431852276137,72,0.9852665604797152
72.0,275000.0,18.85,1.04,286743.0,802.507,811.148,98.93471968124187,-0.0,73326.0,275000.0,3.7503750375037503,72,0.9893471968124188
72.0,300000.0,18.85,1.04,312701.0,804.571,811.148,99.18917386222984,-0.0,73326.0,300000.0,4.091318222731364,72,0.9918917386222984
72.0,300000.0,18.85,1.04,312701.0,804.571,811.148,99.18917386222984,-0.0,73326.0,305000.0,4.1595068597768865,72,0.9918917386222984
72.0,300000.0,18.85,1.04,312701.0,804.571,811.148,99.18917386222984,-0.0,73326.0,0.0,0.0,96,0.0
96.0,1000.0,18.85,1.06,1063.0,12.987,811.148,1.601064170780178,0.0,73326.0,1000.0,0.013637727409104548,96,0.01601064170780178
96.0,2000.0,18.85,1.06,2126.0,25.001,811.148,3.082174892867886,-0.0,73326.0,2000.0,0.027275454818209095,96,0.03082174892867886
96.0,3000.0,18.85,1.06,3188.0,36.664,811.148,4.520013610339913,0.0,73326.0,3000.0,0.04091318222731364,96,0.04520013610339913
96.0,4000.0,18.85,1.06,4251.0,48.041,811.148,5.922593657384349,0.0,73326.0,4000.0,0.05455090963641819,96,0.059225936573843486
96.0,5000.0,18.85,1.06,5314.0,59.138,811.148,7.2906547263877854,0.0,73326.0,5000.0,0.06818863704552273,96,0.07290654726387785
96.0,7500.0,18.85,1.06,7970.0,85.757,811.148,10.572299999506871,-0.0,73326.0,7500.0,0.1022829555682841,96,0.1057229999950687
96.0,10000.0,18.85,1.06,10627.0,111.41,811.148,13.73485479838451,0.0,73326.0,10000.0,0.13637727409104547,96,0.1373485479838451
96.0,12500.0,18.85,1.06,13283.0,136.418,811.148,16.817892665703425,0.0,73326.0,12500.0,0.17047159261380684,96,0.16817892665703427
96.0,15000.0,18.85,1.06,15939.0,160.152,811.148,19.74386918293579,-0.0,73326.0,15000.0,0.2045659111365682,96,0.1974386918293579
96.0,17500.0,18.85,1.06,18594.0,183.121,811.148,22.575534920877573,0.0,73326.0,17500.0,0.23866022965932956,96,0.2257553492087757
96.0,20000.0,18.85,1.06,21250.0,205.369,811.148,25.31831429036378,0.0,73326.0,20000.0,0.27275454818209094,96,0.2531831429036378
96.0,22500.0,18.85,1.06,23905.0,226.455,811.148,27.91783990097985,-0.0,73326.0,22500.0,0.3068488667048523,96,0.2791783990097985
96.0,25000.0,18.85,1.06,26560.0,246.767,811.148,30.421945193725435,0.0,73326.0,25000.0,0.3409431852276137,96,0.30421945193725436
96.0,27500.0,18.85,1.06,29215.0,266.612,811.148,32.86847776238122,-0.0,73326.0,27500.0,0.37503750375037503,96,0.3286847776238122
96.0,30000.0,18.85,1.06,31869.0,285.659,811.148,35.21663124362015,0.0,73326.0,30000.0,0.4091318222731364,96,0.3521663124362015
96.0,40000.0,18.85,1.06,42485.0,354.539,811.148,43.70829984170583,-0.0,73326.0,40000.0,0.5455090963641819,96,0.43708299841705833
96.0,50000.0,18.85,1.06,53097.0,414.185,811.148,51.06158185682514,-0.0,73326.0,50000.0,0.6818863704552274,96,0.5106158185682514
96.0,60000.0,18.85,1.06,63705.0,465.592,811.148,57.39914294308807,-0.0,73326.0,60000.0,0.8182636445462728,96,0.5739914294308808
96.0,70000.0,18.85,1.06,74309.0,510.648,811.148,62.95373963814248,0.0,73326.0,70000.0,0.9546409186373183,96,0.6295373963814248
96.0,80000.0,18.85,1.06,84910.0,550.431,811.148,67.85827000744624,0.0,73326.0,80000.0,1.0910181927283638,96,0.6785827000744624
96.0,90000.0,18.85,1.06,95507.0,585.807,811.148,72.21949631879755,0.0,73326.0,90000.0,1.2273954668194091,96,0.7221949631879755
96.0,100000.0,18.85,1.06,106098.0,617.1,811.148,76.07736196107246,0.0,73326.0,100000.0,1.3637727409104548,96,0.7607736196107245
96.0,125000.0,18.85,1.06,132506.0,679.005,811.148,83.70913815974397,0.0,73326.0,125000.0,1.7047159261380684,96,0.8370913815974397
96.0,150000.0,18.85,1.06,158800.0,720.829,811.148,88.8652872225537,0.0,73326.0,150000.0,2.045659111365682,96,0.888652872225537
96.0,175000.0,18.85,1.06,185007.0,749.113,811.148,92.35219713295233,-0.0,73326.0,175000.0,2.3866022965932956,96,0.9235219713295233
96.0,200000.0,18.85,1.05,210684.0,768.994,811.148,94.80316785592764,-0.0,73326.0,200000.0,2.7275454818209095,96,0.9480316785592764
96.0,225000.0,18.85,1.05,235398.0,782.863,811.148,96.51296680753698,0.0,73326.0,225000.0,3.068488667048523,96,0.9651296680753698
96.0,250000.0,18.85,1.04,260968.00000000003,792.257,811.148,97.67107852081249,-0.0,73326.0,250000.0,3.409431852276137,96,0.9767107852081248
96.0,275000.0,18.85,1.04,286986.0,797.882,811.148,98.36454013324324,-0.0,73326.0,275000.0,3.7503750375037503,96,0.9836454013324324
96.0,300000.0,18.85,1.04,312990.0,801.411,811.148,98.79960253862428,0.0,73326.0,300000.0,4.091318222731364,96,0.9879960253862429
96.0,300000.0,18.85,1.04,312990.0,801.411,811.148,98.79960253862428,0.0,73326.0,305000.0,4.1595068597768865,96,0.9879960253862429
96.0,300000.0,18.85,1.04,312990.0,801.411,811.148,98.79960253862428,0.0,73326.0,0.0,0.0,120,0.0
120.0,1000.0,18.85,1.06,1063.0,10.847,811.147,1.3372422014751948,0.0,73326.0,1000.0,0.013637727409104548,120,0.013372422014751948
120.0,2000.0,18.85,1.06,2126.0,20.995,811.148,2.5883069427527405,0.0,73326.0,2000.0,0.027275454818209095,120,0.025883069427527404
120.0,3000.0,18.85,1.06,3189.0,30.888,811.148,3.8079364061798833,0.0,73326.0,3000.0,0.04091318222731364,120,0.038079364061798834
120.0,4000.0,18.85,1.06,4251.0,40.909,811.148,5.043345973854339,0.0,73326.0,4000.0,0.05455090963641819,120,0.050433459738543386
120.0,5000.0,18.85,1.06,5314.0,50.4,811.148,6.213416047379763,0.0,73326.0,5000.0,0.06818863704552273,120,0.06213416047379763
120.0,10000.0,18.85,1.06,10627.0,95.487,811.148,11.771834486431574,-0.0,73326.0,10000.0,0.13637727409104547,120,0.11771834486431575
120.0,15000.0,18.85,1.06,15939.0,138.351,811.148,17.056196896250743,-0.0,73326.0,15000.0,0.2045659111365682,120,0.17056196896250742
120.0,20000.0,18.85,1.06,21251.0,178.761,811.148,22.03802511995345,0.0,73326.0,20000.0,0.27275454818209094,120,0.2203802511995345
120.0,25000.0,18.85,1.06,26561.0,216.458,811.148,26.68538910285176,0.0,73326.0,25000.0,0.3409431852276137,120,0.26685389102851764
120.0,30000.0,18.85,1.06,31871.0,251.527,811.148,31.008767820422413,-0.0,73326.0,30000.0,0.4091318222731364,120,0.3100876782042241
120.0,55000.0,18.85,1.06,58407.0,397.247,811.148,48.97343024947359,-0.0,73326.0,55000.0,0.7500750075007501,120,0.4897343024947359
120.0,80000.0,18.85,1.06,84923.0,504.839,811.148,62.23759412585619,0.0,73326.0,80000.0,1.0910181927283638,120,0.6223759412585619
120.0,105000.0,18.85,1.06,111417.0,588.367,811.148,72.53509840374383,0.0,73326.0,105000.0,1.4319613779559774,120,0.7253509840374384
120.0,130000.0,18.85,1.06,137879.0,651.263,811.148,80.28904712826758,-0.0,73326.0,130000.0,1.7729045631835911,120,0.8028904712826759
120.0,155000.0,18.85,1.06,164254.0,698.12,811.148,86.0656748213643,0.0,73326.0,155000.0,2.113847748411205,120,0.860656748213643
120.0,180000.0,18.85,1.06,190539.0,730.663,811.148,90.07764304417935,0.0,73326.0,180000.0,2.4547909336388183,120,0.9007764304417936
120.0,205000.0,18.85,1.06,216753.0,754.282,811.148,92.98944212400204,-0.0,73326.0,205000.0,2.795734118866432,120,0.9298944212400204
120.0,230000.0,18.85,1.05,242619.0,771.801,811.148,95.14922061078866,-0.0,73326.0,230000.0,3.1366773040940457,120,0.9514922061078867
120.0,255000.0,18.85,1.05,267842.0,783.617,811.148,96.6059214841188,0.0,73326.0,255000.0,3.4776204893216596,120,0.966059214841188
120.0,280000.0,18.85,1.04,292339.0,792.047,811.148,97.64518928728172,-0.0,73326.0,280000.0,3.818563674549273,120,0.9764518928728172
120.0,305000.0,18.85,1.04,318369.0,798.136,811.148,98.395853777609,-0.0,73326.0,305000.0,4.1595068597768865,120,0.9839585377760901
120.0,305000.0,18.85,1.04,318369.0,798.136,811.148,98.395853777609,-0.0,73326.0,0.0,0.0,180,0.0
180.0,1000.0,18.85,1.06,1063.0,7.695,811.145,0.9486589943844812,0.0,73326.0,1000.0,0.013637727409104548,180,0.009486589943844811
180.0,2000.0,18.85,1.06,2126.0,15.456,811.144,1.9054569842099556,0.0,73326.0,2000.0,0.027275454818209095,180,0.019054569842099557
180.0,3000.0,18.85,1.06,3189.0,22.677,811.143,2.795684608016096,0.0,73326.0,3000.0,0.04091318222731364,180,0.02795684608016096
180.0,4000.0,18.85,1.06,4251.0,30.19,811.144,3.7219038789660033,0.0,73326.0,4000.0,0.05455090963641819,180,0.037219038789660035
180.0,5000.0,18.85,1.06,5314.0,37.23,811.144,4.5898138924777845,-0.0,73326.0,5000.0,0.06818863704552273,180,0.04589813892477784
180.0,10000.0,18.85,1.06,10627.0,71.79,811.146,8.850441227596512,0.0,73326.0,10000.0,0.13637727409104547,180,0.08850441227596512
180.0,15000.0,18.85,1.06,15940.0,104.74,811.146,12.912595266450182,-0.0,73326.0,15000.0,0.2045659111365682,180,0.12912595266450183
180.0,20000.0,18.85,1.06,21252.0,136.61,811.147,16.84158358472632,-0.0,73326.0,20000.0,0.27275454818209094,180,0.1684158358472632
180.0,25000.0,18.85,1.06,26563.0,166.741,811.147,20.556200047586938,0.0,73326.0,25000.0,0.3409431852276137,180,0.20556200047586937
180.0,30000.0,18.85,1.06,31873.0,195.624,811.147,24.11696030435913,0.0,73326.0,30000.0,0.4091318222731364,180,0.24116960304359128
180.0,55000.0,18.85,1.06,58415.0,321.122,811.147,39.58863190025976,0.0,73326.0,55000.0,0.7500750075007501,180,0.39588631900259763
180.0,80000.0,18.85,1.06,84939.0,420.009,811.148,51.77957660007792,-0.0,73326.0,80000.0,1.0910181927283638,180,0.5177957660007791
180.0,105000.0,18.85,1.06,111446.0,502.055,811.148,61.89437685847712,-0.0,73326.0,105000.0,1.4319613779559774,180,0.6189437685847712
180.0,130000.0,18.85,1.06,137935.0,570.491,811.148,70.33130821995492,0.0,73326.0,130000.0,1.7729045631835911,180,0.7033130821995492
180.0,155000.0,18.85,1.06,164404.0,626.457,811.148,77.23091223796396,-0.0,73326.0,155000.0,2.113847748411205,180,0.7723091223796397
180.0,180000.0,18.85,1.06,190841.0,670.272,811.148,82.6325158910581,0.0,73326.0,180000.0,2.4547909336388183,180,0.826325158910581
180.0,205000.0,18.85,1.06,217222.0,704.461,811.148,86.84740639192847,0.0,73326.0,205000.0,2.795734118866432,180,0.8684740639192847
180.0,230000.0,18.85,1.06,243536.0,731.367,811.148,90.16443361753956,-0.0,73326.0,230000.0,3.1366773040940457,180,0.9016443361753956
180.0,255000.0,18.85,1.06,269795.0,751.739,811.148,92.6759358341511,-0.0,73326.0,255000.0,3.4776204893216596,180,0.926759358341511
180.0,280000.0,18.85,1.06,295953.0,767.382,811.148,94.60443716806304,0.0,73326.0,280000.0,3.818563674549273,180,0.9460443716806304
180.0,305000.0,18.85,1.06,321860.0,778.875,811.148,96.0213179345816,-0.0,73326.0,305000.0,4.1595068597768865,180,0.9602131793458161
180.0,305000.0,18.85,1.06,321860.0,778.875,811.148,96.0213179345816,-0.0,73326.0,0.0,0.0,240,0.0
240.0,1000.0,18.85,1.06,1063.0,6.409,811.143,0.7901196213244767,0.0,73326.0,1000.0,0.013637727409104548,240,0.007901196213244767
240.0,2000.0,18.85,1.06,2126.0,12.158,811.14,1.498878122149074,0.0,73326.0,2000.0,0.027275454818209095,240,0.014988781221490739
240.0,3000.0,18.85,1.06,3189.0,18.249,811.138,2.249802129847202,0.0,73326.0,3000.0,0.04091318222731364,240,0.02249802129847202
240.0,4000.0,18.85,1.06,4251.0,23.867,811.136,2.9424165614644155,-0.0,73326.0,4000.0,0.05455090963641819,240,0.029424165614644157
240.0,5000.0,18.85,1.06,5314.0,29.847,811.134,3.679663286214115,-0.0,73326.0,5000.0,0.06818863704552273,240,0.03679663286214115
240.0,10000.0,18.85,1.06,10627.0,58.068,811.128,7.158919430718703,0.0,73326.0,10000.0,0.13637727409104547,240,0.07158919430718703
240.0,15000.0,18.85,1.06,15940.0,85.249,811.125,10.509970719679457,-0.0,73326.0,15000.0,0.2045659111365682,240,0.10509970719679457
240.0,20000.0,18.85,1.06,21252.0,111.161,811.122,13.704596842398557,-0.0,73326.0,20000.0,0.27275454818209094,240,0.13704596842398556
240.0,25000.0,18.85,1.06,26563.0,136.558,811.122,16.83569179482248,0.0,73326.0,25000.0,0.3409431852276137,240,0.1683569179482248
240.0,30000.0,18.85,1.06,31874.0,161.041,811.122,19.854103328475865,-0.0,73326.0,30000.0,0.4091318222731364,240,0.19854103328475867
240.0,55000.0,18.85,1.06,58419.0,271.273,811.124,33.4440849981014,-0.0,73326.0,55000.0,0.7500750075007501,240,0.33444084998101403
240.0,80000.0,18.85,1.06,84947.0,361.155,811.123,44.52530627290805,-0.0,73326.0,80000.0,1.0910181927283638,240,0.4452530627290805
240.0,105000.0,18.85,1.06,111460.0,437.284,811.137,53.91000533818578,0.0,73326.0,105000.0,1.4319613779559774,240,0.5391000533818578
240.0,130000.0,18.85,1.06,137957.0,504.751,811.144,62.22705216336433,0.0,73326.0,130000.0,1.7729045631835911,240,0.6222705216336433
240.0,155000.0,18.85,1.06,164438.0,562.186,811.148,69.30745067484602,-0.0,73326.0,155000.0,2.113847748411205,240,0.6930745067484603
240.0,180000.0,18.85,1.06,190902.0,612.021,811.148,75.45121235582161,-0.0,73326.0,180000.0,2.4547909336388183,240,0.7545121235582161
240.0,205000.0,18.85,1.06,217343.0,654.204,811.148,80.6516196797625,-0.0,73326.0,205000.0,2.795734118866432,240,0.8065161967976251
240.0,230000.0,18.85,1.06,243752.0,686.716,811.148,84.65976615858018,-0.0,73326.0,230000.0,3.1366773040940457,240,0.8465976615858019
240.0,255000.0,18.85,1.06,270118.0,713.975,811.148,88.02031195293584,0.0,73326.0,255000.0,3.4776204893216596,240,0.8802031195293584
240.0,280000.0,18.85,1.06,296436.0,737.009,811.148,90.85999102506572,0.0,73326.0,280000.0,3.818563674549273,240,0.9085999102506572
240.0,305000.0,18.85,1.06,322707.0,753.868,811.148,92.93840334932712,0.0,73326.0,305000.0,4.1595068597768865,240,0.9293840334932711
240.0,305000.0,18.85,1.06,322707.0,753.868,811.148,92.93840334932712,0.0,73326.0,0.0,0.0,360,0.0
360.0,1000.0,18.85,1.06,1063.0,4.562,811.142,0.5624169380946863,0.0,73326.0,1000.0,0.013637727409104548,360,0.005624169380946863
360.0,2000.0,18.85,1.06,2126.0,8.529,811.137,1.0514869867852163,0.0,73326.0,2000.0,0.027275454818209095,360,0.010514869867852163
360.0,3000.0,18.85,1.06,3189.0,12.929,811.133,1.5939432867359609,-0.0,73326.0,3000.0,0.04091318222731364,360,0.015939432867359608
360.0,4000.0,18.85,1.06,4251.0,17.297,811.129,2.1324598183519514,-0.0,73326.0,4000.0,0.05455090963641819,360,0.021324598183519516
360.0,5000.0,18.85,1.06,5314.0,21.637,811.125,2.667529665587918,0.0,73326.0,5000.0,0.06818863704552273,360,0.026675296655879182
360.0,10000.0,18.85,1.06,10627.0,41.914,811.107,5.167505643521755,-0.0,73326.0,10000.0,0.13637727409104547,360,0.05167505643521755
360.0,15000.0,18.85,1.06,15940.0,62.173,811.091,7.665354442349873,0.0,73326.0,15000.0,0.2045659111365682,360,0.07665354442349873
360.0,20000.0,18.85,1.06,21253.0,81.518,811.075,10.050611842308047,0.0,73326.0,20000.0,0.27275454818209094,360,0.10050611842308048
360.0,25000.0,18.85,1.06,26564.0,100.767,811.061,12.424096338006636,-0.0,73326.0,25000.0,0.3409431852276137,360,0.12424096338006636
360.0,30000.0,18.85,1.06,31875.0,119.181,811.048,14.694691312967914,-0.0,73326.0,30000.0,0.4091318222731364,360,0.14694691312967914
360.0,55000.0,18.85,1.06,58423.0,206.422,810.986,25.453213742284085,-0.0,73326.0,55000.0,0.7500750075007501,360,0.25453213742284087
360.0,80000.0,18.85,1.06,84955.0,283.108,810.929,34.911564390963946,-0.0,73326.0,80000.0,1.0910181927283638,360,0.34911564390963945
360.0,105000.0,18.85,1.06,111474.0,350.13,810.874,43.17933489050086,-0.0,73326.0,105000.0,1.4319613779559774,360,0.4317933489050086
360.0,130000.0,18.85,1.06,137979.0,409.605,810.819,50.517439773858285,-0.0,73326.0,130000.0,1.7729045631835911,360,0.5051743977385829
360.0,155000.0,18.85,1.06,164469.0,464.224,810.827,57.253150178768095,-0.0,73326.0,155000.0,2.113847748411205,360,0.572531501787681
360.0,180000.0,18.85,1.06,190945.0,513.712,810.858,63.35412612319297,-0.0,73326.0,180000.0,2.4547909336388183,360,0.6335412612319297
360.0,205000.0,18.85,1.06,217407.0,558.54,811.014,68.86934134305942,-0.0,73326.0,205000.0,2.795734118866432,360,0.6886934134305942
360.0,230000.0,18.85,1.06,243853.0,599.057,811.126,73.85498677147571,0.0,73326.0,230000.0,3.1366773040940457,360,0.7385498677147571
360.0,255000.0,18.85,1.06,270283.0,634.678,811.143,78.24489639927855,0.0,73326.0,255000.0,3.4776204893216596,360,0.7824489639927854
360.0,280000.0,18.85,1.06,296693.0,665.455,811.146,82.03886846510987,-0.0,73326.0,280000.0,3.818563674549273,360,0.8203886846510987
360.0,305000.0,18.85,1.06,323077.0,691.665,811.147,85.26999421806404,0.0,73326.0,305000.0,4.1595068597768865,360,0.8526999421806404
360.0,305000.0,18.85,1.06,323077.0,691.665,811.147,85.26999421806404,0.0,73326.0,0.0,0.0,480,0.0
480.0,1000.0,18.85,1.06,1063.0,3.573,811.142,0.4404900744875742,0.0,73326.0,1000.0,0.013637727409104548,480,0.0044049007448757425
480.0,2000.0,18.85,1.06,2126.0,7.065,811.136,0.8710006706643523,0.0,73326.0,2000.0,0.027275454818209095,480,0.008710006706643523
480.0,3000.0,18.85,1.06,3189.0,10.025,811.131,1.2359285984631336,-0.0,73326.0,3000.0,0.04091318222731364,480,0.012359285984631336
480.0,4000.0,18.85,1.06,4251.0,13.467,811.126,1.660284592036256,-0.0,73326.0,4000.0,0.05455090963641819,480,0.01660284592036256
480.0,5000.0,18.85,1.06,5314.0,16.884,811.121,2.081563663127943,0.0,73326.0,5000.0,0.06818863704552273,480,0.02081563663127943
480.0,10000.0,18.85,1.06,10628.0,33.168,811.097,4.089276621661774,-0.0,73326.0,10000.0,0.13637727409104547,480,0.04089276621661774
480.0,15000.0,18.85,1.06,15940.0,49.117,811.075,6.055790155041149,-0.0,73326.0,15000.0,0.2045659111365682,480,0.06055790155041149
480.0,20000.0,18.85,1.06,21253.0,64.869,811.053,7.998120961268869,0.0,73326.0,20000.0,0.27275454818209094,480,0.07998120961268869
480.0,25000.0,18.85,1.06,26565.0,80.203,811.033,9.888993419503276,0.0,73326.0,25000.0,0.3409431852276137,480,0.09888993419503275
480.0,30000.0,18.85,1.06,31876.0,95.207,811.013,11.739269284216158,-0.0,73326.0,30000.0,0.4091318222731364,480,0.11739269284216158
480.0,55000.0,18.85,1.06,58425.0,165.808,810.916,20.44700067577899,-0.0,73326.0,55000.0,0.7500750075007501,480,0.20447000675778992
480.0,80000.0,18.85,1.06,84960.0,231.536,810.825,28.555606943545158,-0.0,73326.0,80000.0,1.0910181927283638,480,0.2855560694354516
480.0,105000.0,18.85,1.06,111481.0,290.856,810.736,35.87555011742417,0.0,73326.0,105000.0,1.4319613779559774,480,0.3587555011742417
480.0,130000.0,18.85,1.06,137989.0,344.581,810.647,42.50691114628192,0.0,73326.0,130000.0,1.7729045631835911,480,0.4250691114628192
480.0,155000.0,18.85,1.06,164484.0,393.705,810.559,48.572034854958126,-0.0,73326.0,155000.0,2.113847748411205,480,0.48572034854958124
480.0,180000.0,18.85,1.06,190966.0,439.876,810.472,54.27405265080101,-0.0,73326.0,180000.0,2.4547909336388183,480,0.5427405265080101
480.0,205000.0,18.85,1.06,217434.0,482.646,810.442,59.55342886967853,-0.0,73326.0,205000.0,2.795734118866432,480,0.5955342886967853
480.0,230000.0,18.85,1.06,243889.0,522.622,810.418,64.48795559822214,0.0,73326.0,230000.0,3.1366773040940457,480,0.6448795559822215
480.0,255000.0,18.85,1.06,270330.0,559.923,810.395,69.09260298989999,-0.0,73326.0,255000.0,3.4776204893216596,480,0.6909260298989999
480.0,280000.0,18.85,1.06,296758.0,593.973,810.553,73.2799705879813,-0.0,73326.0,280000.0,3.818563674549273,480,0.7327997058798129
480.0,305000.0,18.85,1.06,323171.0,625.507,810.746,77.15203035229283,-0.0,73326.0,305000.0,4.1595068597768865,480,0.7715203035229282
480.0,305000.0,18.85,1.06,323171.0,625.507,810.746,77.15203035229283,-0.0,73326.0,0.0,0.0,720,0.0
720.0,1000.0,18.85,1.06,1063.0,2.525,811.141,0.3112898990434462,0.0,73326.0,1000.0,0.013637727409104548,720,0.003112898990434462
720.0,2000.0,18.85,1.06,2126.0,5.006,811.135,0.6171599055644252,0.0,73326.0,2000.0,0.027275454818209095,720,0.006171599055644252
720.0,3000.0,18.85,1.06,3189.0,7.464,811.129,0.9201988832849028,-0.0,73326.0,3000.0,0.04091318222731364,720,0.009201988832849029
720.0,4000.0,18.85,1.06,4251.0,9.384,811.122,1.156915975648546,0.0,73326.0,4000.0,0.05455090963641819,720,0.01156915975648546
720.0,5000.0,18.85,1.06,5314.0,11.826,811.116,1.4579912121077627,0.0,73326.0,5000.0,0.06818863704552273,720,0.014579912121077628
720.0,10000.0,18.85,1.06,10628.0,23.844,811.088,2.939754995758783,0.0,73326.0,10000.0,0.13637727409104547,720,0.02939754995758783
720.0,15000.0,18.85,1.06,15941.0,35.102,811.06,4.327916553645847,-0.0,73326.0,15000.0,0.2045659111365682,720,0.04327916553645847
720.0,20000.0,18.85,1.06,21253.0,46.225,811.032,5.699528501957999,-0.0,73326.0,20000.0,0.27275454818209094,720,0.05699528501957998
720.0,25000.0,18.85,1.06,26565.0,57.261,811.005,7.060499010486988,-0.0,73326.0,25000.0,0.3409431852276137,720,0.07060499010486988
720.0,30000.0,18.85,1.06,31877.0,68.574,810.979,8.455706004717754,0.0,73326.0,30000.0,0.4091318222731364,720,0.08455706004717754
720.0,55000.0,18.85,1.06,58426.0,120.285,810.849,14.834451297343891,-0.0,73326.0,55000.0,0.7500750075007501,720,0.14834451297343892
720.0,80000.0,18.85,1.06,84964.0,169.332,810.723,20.88654201249995,-0.0,73326.0,80000.0,1.0910181927283638,720,0.2088654201249995
720.0,105000.0,18.85,1.06,111488.0,215.606,810.599,26.59835504361589,0.0,73326.0,105000.0,1.4319613779559774,720,0.2659835504361589
720.0,130000.0,18.85,1.06,138000.0,259.575,810.477,32.02743569527575,0.0,73326.0,130000.0,1.7729045631835911,720,0.32027435695275747
720.0,155000.0,18.85,1.06,164500.0,300.665,810.355,37.10287466604143,0.0,73326.0,155000.0,2.113847748411205,720,0.3710287466604143
720.0,180000.0,18.85,1.06,190987.0,339.875,810.234,41.947758301922654,-0.0,73326.0,180000.0,2.4547909336388183,720,0.41947758301922655
720.0,205000.0,18.85,1.06,217461.0,377.148,810.113,46.554986773450125,-0.0,73326.0,205000.0,2.795734118866432,720,0.46554986773450124
720.0,230000.0,18.85,1.06,243923.0,412.724,809.992,50.95408349712096,-0.0,73326.0,230000.0,3.1366773040940457,720,0.5095408349712096
720.0,255000.0,18.85,1.06,270373.0,446.697,809.871,55.15656197098057,-0.0,73326.0,255000.0,3.4776204893216596,720,0.5515656197098057
720.0,280000.0,18.85,1.06,296811.0,478.787,809.762,59.12687925588013,-0.0,73326.0,280000.0,3.818563674549273,720,0.5912687925588013
720.0,305000.0,18.85,1.06,323236.0,509.474,809.684,62.9225722627593,0.0,73326.0,305000.0,4.1595068597768865,720,0.629225722627593
