DDT_hr,Vol_cf,Max_Inflow_cfs,Max_Depth_ft,Max_Storage_Vol_cf,Treated_mgal,Total_mgal,Capture_Efficiency_%,Flow_Balance_Error_%
1,1000,17.77,1.06,1058.0,417.738,937.279,44.56922645231569,0.0
1,2000,17.77,1.06,2115.0,601.443,937.279,64.16904678329504,0.0
1,3000,17.77,1.06,3169.0,710.352,937.283,75.7884224935265,-0.0
1,4000,17.77,1.06,4222.0,779.961,937.284,83.21501273893506,-0.0
1,5000,17.77,1.05,5273.0,825.545,937.284,88.07842660282262,-0.0
1,6000,17.77,1.05,6322.0,856.349,937.284,91.36494381638863,-0.0
1,7000,17.77,1.05,7369.0,877.692,937.284,93.64205512950183,-0.0
1,8000,17.77,1.05,8414.0,892.465,937.284,95.21820494108509,-0.0
1,9000,17.77,1.05,9457.0,903.191,937.284,96.3625752706757,-0.0
1,10000,17.77,1.05,10499.0,911.143,937.284,97.2109840773981,-0.0
1,12500,17.77,1.05,13094.0,923.224,937.284,98.49992104847625,-0.0
1,15000,17.77,1.05,15678.0,929.114,937.284,99.1283325011416,-0.0
1,17500,17.77,1.04,18249.0,931.984,937.284,99.43453638384952,-0.0
1,20000,17.77,1.04,20809.0,933.791,937.284,99.62732746958233,-0.0
1,22500,17.77,1.04,23358.0,934.977,937.284,99.75386329010205,-0.0
1,25000,17.77,1.04,25894.0,935.961,937.284,99.85884747845904,-0.0
1,27500,17.77,1.03,28419.0,936.522,937.284,99.91870126877234,-0.0
1,30000,17.77,1.03,30854.0,936.87,937.284,99.95582982319127,-0.0
1,32500,17.77,1.02,33170.0,937.084,937.284,99.97866175033394,-0.0
1,35000,17.77,1.01,35333.0,937.238,937.284,99.99509220257681,-0.0
1,37500,17.77,0.86,32375.999999999996,937.284,937.284,100.0,-0.0
1,40000,17.77,0.69,27404.0,937.284,937.284,100.0,-0.0
1,42500,17.77,0.54,22990.0,937.284,937.284,100.0,-0.0
1,45000,17.77,0.42,19103.0,937.284,937.284,100.0,-0.0
1,47500,17.77,0.33,15730.0,937.284,937.284,100.0,-0.0
1,50000,17.77,0.26,12870.0,937.284,937.284,100.0,-0.0
1,55000,17.77,0.16,8682.0,937.284,937.284,100.0,-0.0
1,60000,17.77,0.11,6537.0,937.284,937.284,100.0,-0.0
1,65000,17.77,0.1,6237.0,937.284,937.284,100.0,-0.0
1,70000,17.77,0.09,6237.0,937.284,937.284,100.0,-0.0
1,75000,17.77,0.08,6237.0,937.284,937.284,100.0,-0.0
1,80000,17.77,0.08,6237.0,937.284,937.284,100.0,-0.0
1,85000,17.77,0.07,6237.0,937.284,937.284,100.0,-0.0
1,90000,17.77,0.07,6237.0,937.284,937.284,100.0,-0.0
1,95000,17.77,0.07,6237.0,937.284,937.284,100.0,-0.0
1,100000,17.77,0.06,6237.0,937.284,937.284,100.0,-0.0
1,125000,17.77,0.05,6237.0,937.284,937.284,100.0,-0.0
1,150000,17.77,0.04,6237.0,937.284,937.284,100.0,-0.0
1,175000,17.77,0.04,6237.0,937.284,937.284,100.0,-0.0
1,200000,17.77,0.03,6237.0,937.284,937.284,100.0,-0.0
1,225000,17.77,0.03,6237.0,937.284,937.284,100.0,-0.0
1,250000,17.77,0.02,6237.0,937.284,937.284,100.0,-0.0
1,275000,17.77,0.02,6237.0,937.284,937.284,100.0,-0.0
1,300000,17.77,0.02,6237.0,937.284,937.284,100.0,-0.0
2,1000,17.77,1.06,1059.0,279.317,937.279,29.80083838430179,0.0
2,2000,17.77,1.06,2117.0,434.814,937.272,46.39144239879139,0.0
2,3000,17.77,1.06,3174.0,544.817,937.264,58.12844620085696,0.0
2,4000,17.77,1.06,4229.0,626.84,937.27,66.87934106500796,-0.0
2,5000,17.77,1.06,5284.0,688.5,937.28,73.45723796517582,-0.0
2,6000,17.77,1.06,6338.0,736.185,937.281,78.54474805314521,-0.0
2,7000,17.77,1.06,7392.0,773.645,937.281,82.54141500787918,-0.0
2,8000,17.77,1.06,8444.0,803.043,937.281,85.67793436546778,-0.0
2,9000,17.77,1.05,9495.0,826.372,937.281,88.16694246442636,-0.0
2,10000,17.77,1.05,10545.0,845.219,937.281,90.17775885780253,-0.0
2,12500,17.77,1.05,13166.0,877.834,937.281,93.65750505984865,-0.0
2,15000,17.77,1.05,15782.0,898.071,937.281,95.81662276307746,-0.0
2,17500,17.77,1.05,18391.0,910.927,937.281,97.18824984182972,-0.0
2,20000,17.77,1.05,20995.0,918.832,937.281,98.03164685937303,-0.0
2,22500,17.77,1.05,23592.0,923.971,937.281,98.57993493946853,-0.0
2,25000,17.77,1.05,26184.0,927.397,937.281,98.94546032619887,-0.0
2,27500,17.77,1.05,28769.0,929.658,937.281,99.18669001078652,-0.0
2,30000,17.77,1.04,31349.0,931.231,937.281,99.35451588157662,-0.0
2,32500,17.77,1.04,33922.0,932.447,937.281,99.48425285480023,-0.0
2,35000,17.77,1.04,36490.0,933.5,937.281,99.59659909888285,-0.0
2,37500,17.77,1.04,39052.0,934.233,937.281,99.6748040342224,-0.0
2,40000,17.77,1.04,41606.0,934.861,937.281,99.74180635263065,-0.0
2,42500,17.77,1.04,44123.0,935.47,937.281,99.80678153083228,-0.0
2,45000,17.77,1.03,46548.0,936.032,937.281,99.86674220431227,-0.0
2,47500,17.77,1.03,48928.0,936.496,937.281,99.9162471019897,-0.0
2,50000,17.77,1.03,51264.0,936.813,937.281,99.95006833596328,-0.0
2,55000,17.77,1.02,55986.0,937.121,937.281,99.98292934562848,-0.0
2,60000,17.77,1.0,60119.0,937.279,937.281,99.99978661682036,-0.0
2,65000,17.77,0.78,50589.0,937.281,937.281,100.0,-0.0
2,70000,17.77,0.59,41416.0,937.281,937.281,100.0,-0.0
2,75000,17.77,0.48,35856.0,937.281,937.281,100.0,-0.0
2,80000,17.77,0.39,31129.0,937.281,937.281,100.0,-0.0
2,85000,17.77,0.32,26948.0,937.281,937.281,100.0,-0.0
2,90000,17.77,0.26,23295.0,937.281,937.281,100.0,-0.0
2,95000,17.77,0.21,20163.0,937.281,937.281,100.0,-0.0
2,100000,17.77,0.18,17546.0,937.281,937.281,100.0,-0.0
2,125000,17.77,0.1,12149.0,937.281,937.281,100.0,-0.0
2,150000,17.77,0.08,12149.0,937.281,937.281,100.0,-0.0
2,175000,17.77,0.07,12149.0,937.281,937.281,100.0,-0.0
2,200000,17.77,0.06,12149.0,937.281,937.281,100.0,-0.0
2,225000,17.77,0.05,12149.0,937.281,937.281,100.0,-0.0
2,250000,17.77,0.05,12149.0,937.281,937.281,100.0,-0.0
2,275000,17.77,0.04,12149.0,937.281,937.281,100.0,-0.0
2,300000,17.77,0.04,12149.0,937.281,937.281,100.0,-0.0
3,1000,17.77,1.06,1059.0,215.93,937.279,23.03796414941549,0.0
3,2000,17.77,1.06,2117.0,348.675,937.272,37.20104729470207,0.0
3,3000,17.77,1.06,3175.0,449.654,937.264,47.97517028286587,-0.0
3,4000,17.77,1.06,4232.0,529.726,937.257,56.518756328306964,-0.0
3,5000,17.77,1.06,5288.0,594.761,937.252,63.45796007903958,-0.0
3,6000,17.77,1.06,6344.0,647.609,937.255,69.09635051293405,-0.0
3,7000,17.77,1.06,7399.0,690.665,937.277,73.6884613620093,-0.0
3,8000,17.77,1.06,8453.0,726.337,937.279,77.4942146361969,-0.0
3,9000,17.77,1.06,9507.0,756.185,937.279,80.67875200447251,-0.0
3,10000,17.77,1.06,10560.0,781.248,937.279,83.35276902608508,-0.0
3,12500,17.77,1.06,13190.0,827.994,937.279,88.3401847262128,-0.0
3,15000,17.77,1.05,15816.0,858.65,937.279,91.61092908301583,-0.0
3,17500,17.77,1.05,18438.0,880.276,937.279,93.91824632793437,-0.0
3,20000,17.77,1.05,21056.0,895.613,937.279,95.55457873269326,-0.0
3,22500,17.77,1.05,23670.0,906.515,937.279,96.71773292690864,-0.0
3,25000,17.77,1.05,26280.0,914.077,937.279,97.52453645072599,-0.0
3,27500,17.77,1.05,28886.0,919.404,937.279,98.0928837624656,-0.0
3,30000,17.77,1.05,31488.0,922.927,937.279,98.4687590354633,-0.0
3,32500,17.77,1.05,34085.0,925.594,937.279,98.7533061126943,-0.0
3,35000,17.77,1.05,36679.0,927.671,937.279,98.97490501760949,-0.0
3,37500,17.77,1.05,39269.0,929.364,937.279,99.15553426461065,-0.0
3,40000,17.77,1.05,41854.0,930.615,937.279,99.28900572828368,-0.0
3,42500,17.77,1.05,44436.0,931.578,937.279,99.3917499485212,-0.0
3,45000,17.77,1.04,47013.0,932.453,937.279,99.48510528882008,-0.0
3,47500,17.77,1.04,49585.0,933.208,937.279,99.56565761102082,-0.0
3,50000,17.77,1.04,52138.0,933.898,937.279,99.63927496508511,-0.0
3,55000,17.77,1.04,57062.0,934.897,937.279,99.74586009075207,-0.0
3,60000,17.77,1.03,61846.0,935.754,937.279,99.83729497833623,-0.0
3,65000,17.77,1.03,66672.0,936.538,937.279,99.92094136324403,-0.0
3,70000,17.77,1.02,71502.0,936.997,937.279,99.96991290746938,-0.0
3,75000,17.77,1.02,76130.0,937.206,937.279,99.99221149732364,-0.0
3,80000,17.77,0.96,76526.0,937.279,937.279,100.0,-0.0
3,85000,17.77,0.82,69591.0,937.279,937.279,100.0,-0.0
3,90000,17.77,0.7,62922.0,937.279,937.279,100.0,-0.0
3,95000,17.77,0.59,56509.0,937.279,937.279,100.0,-0.0
3,100000,17.77,0.5,50352.0,937.279,937.279,100.0,-0.0
3,125000,17.77,0.26,31975.0,937.279,937.279,100.0,-0.0
3,150000,17.77,0.15,22021.0,937.279,937.279,100.0,-0.0
3,175000,17.77,0.1,17818.0,937.279,937.279,100.0,-0.0
3,200000,17.77,0.09,17740.0,937.279,937.279,100.0,-0.0
3,225000,17.77,0.08,17740.0,937.279,937.279,100.0,-0.0
3,250000,17.77,0.07,17740.0,937.279,937.279,100.0,-0.0
3,275000,17.77,0.06,17740.0,937.279,937.279,100.0,-0.0
3,300000,17.77,0.06,17740.0,937.279,937.279,100.0,-0.0
6,1000,17.77,1.06,1059.0,134.991,937.279,14.402435134042266,0.0
6,2000,17.77,1.06,2118.0,230.017,937.272,24.54111506585068,0.0
6,3000,17.77,1.06,3176.0,308.5,937.264,32.91495245736527,-0.0
6,4000,17.77,1.06,4234.0,375.868,937.257,40.102981359435034,-0.0
6,5000,17.77,1.06,5292.0,434.527,937.249,46.36195930857222,-0.0
6,6000,17.77,1.06,6350.0,486.105,937.242,51.865473378273705,-0.0
6,7000,17.77,1.06,7407.0,531.721,937.234,56.73300371091957,-0.0
6,8000,17.77,1.06,8463.0,572.33,937.227,61.06631584450726,-0.0
6,9000,17.77,1.06,9520.0,608.23,937.219,64.89731855628193,-0.0
6,10000,17.77,1.06,10576.0,640.101,937.214,68.29827552725418,-0.0
6,12500,17.77,1.06,13215.0,705.281,937.251,75.24995972263567,-0.0
6,15000,17.77,1.06,15851.0,753.993,937.274,80.44531268337755,-0.0
6,17500,17.77,1.06,18486.0,791.547,937.274,84.45203857143161,-0.0
6,20000,17.77,1.06,21118.0,819.979,937.274,87.485516508513,-0.0
6,22500,17.77,1.06,23748.0,841.69,937.274,89.8019149149555,-0.0
6,25000,17.77,1.06,26376.0,859.124,937.274,91.66198998371874,-0.0
6,27500,17.77,1.05,29003.0,873.424,937.274,93.18769111273757,-0.0
6,30000,17.77,1.05,31626.0,885.122,937.274,94.43577865170697,-0.0
6,32500,17.77,1.05,34248.0,894.652,937.274,95.45255709643071,-0.0
6,35000,17.77,1.05,36868.0,902.166,937.274,96.2542436896788,-0.0
6,37500,17.77,1.05,39486.0,907.949,937.274,96.87124576164493,-0.0
6,40000,17.77,1.05,42101.0,912.43,937.274,97.34933434619973,-0.0
6,42500,17.77,1.05,44715.0,916.004,937.274,97.73065293606778,-0.0
6,45000,17.77,1.05,47326.0,918.956,937.274,98.04560886144287,-0.0
6,47500,17.77,1.05,49935.0,921.194,937.274,98.28438642275364,-0.0
6,50000,17.77,1.05,52542.0,923.061,937.274,98.48358110861926,-0.0
6,55000,17.77,1.05,57750.0,925.947,937.274,98.79149533647578,-0.0
6,60000,17.77,1.05,62946.0,928.145,937.274,99.02600520232076,-0.0
6,65000,17.77,1.05,68080.0,929.914,937.274,99.2147440342952,-0.0
6,70000,17.77,1.04,73066.0,931.373,937.274,99.3704082264098,-0.0
6,75000,17.77,1.04,77962.0,932.453,937.274,99.48563600398602,-0.0
6,80000,17.77,1.04,82839.0,933.42,937.274,99.58880754187143,-0.0
6,85000,17.77,1.03,87901.0,934.239,937.274,99.67618860653343,-0.0
6,90000,17.77,1.03,92864.0,934.956,937.274,99.75268704775765,-0.0
6,95000,17.77,1.03,97784.0,935.545,937.274,99.81552886349135,-0.0
6,100000,17.77,1.03,102664.0,936.062,937.274,99.87068882738666,-0.0
6,125000,17.77,1.0,125450.0,937.262,937.274,99.99871969136026,-0.0
6,150000,17.77,0.61,91125.0,937.274,937.274,100.0,-0.0
6,175000,17.77,0.42,73304.0,937.274,937.274,100.0,-0.0
6,200000,17.77,0.29,58363.0,937.274,937.274,100.0,-0.0
6,225000,17.77,0.21,48095.0,937.274,937.274,100.0,-0.0
6,250000,17.77,0.17,42019.0,937.274,937.274,100.0,-0.0
6,275000,17.77,0.14,37441.0,937.274,937.274,100.0,-0.0
6,300000,17.77,0.11,34336.0,937.274,937.274,100.0,-0.0
12,1000,17.77,1.06,1059.0,82.045,937.279,8.753530165511018,0.0
12,2000,17.77,1.06,2118.0,146.031,937.272,15.580429160371803,0.0
12,3000,17.77,1.06,3177.0,202.322,937.264,21.586447361682517,-0.0
12,4000,17.77,1.06,4236.0,252.97,937.257,26.99046259457118,-0.0
12,5000,17.77,1.06,5294.0,298.873,937.249,31.88832423400825,-0.0
12,6000,17.77,1.06,6352.0,341.3,937.242,36.415354838985024,-0.0
12,7000,17.77,1.06,7410.0,380.44,937.234,40.591783908821064,-0.0
12,8000,17.77,1.06,8468.0,416.812,937.227,44.47289717432383,-0.0
12,9000,17.77,1.06,9526.0,450.415,937.219,48.05867145245668,-0.0
12,10000,17.77,1.06,10584.0,481.819,937.212,51.40981976329796,-0.0
12,12500,17.77,1.06,13227.0,550.908,937.193,58.78276939755206,-0.0
12,15000,17.77,1.06,15868.0,608.647,937.174,64.94493018372256,-0.0
12,17500,17.77,1.06,18509.0,657.082,937.156,70.11447400432799,-0.0
12,20000,17.77,1.06,21149.0,697.981,937.139,74.47998642677341,-0.0
12,22500,17.77,1.06,23787.0,732.162,937.151,78.1263638410459,-0.0
12,25000,17.77,1.06,26425.0,760.57,937.179,81.15525422571356,-0.0
12,27500,17.77,1.06,29061.0,784.674,937.208,83.72463743373936,-0.0
12,30000,17.77,1.06,31696.0,805.254,937.236,85.91795449598607,-0.0
12,32500,17.77,1.06,34330.0,822.758,937.262,87.78313854610558,-0.0
12,35000,17.77,1.06,36963.0,837.666,937.266,89.37334758755786,-0.0
12,37500,17.77,1.06,39594.0,850.539,937.266,90.74681040387681,-0.0
12,40000,17.77,1.06,42225.0,861.563,937.266,91.92299731346277,-0.0
12,42500,17.77,1.06,44854.0,871.205,937.266,92.95173408616124,-0.0
12,45000,17.77,1.06,47482.0,879.554,937.266,93.84251642543312,-0.0
12,47500,17.77,1.05,50109.0,886.764,937.266,94.61177509906473,-0.0
12,50000,17.77,1.05,52735.0,892.681,937.266,95.24307933926976,-0.0
12,55000,17.77,1.05,57984.0,901.716,937.266,96.20705328049883,-0.0
12,60000,17.77,1.05,63228.0,908.577,937.266,96.93907599336795,-0.0
12,65000,17.77,1.05,68466.0,913.964,937.266,97.51383278599673,-0.0
12,70000,17.77,1.05,73693.0,917.896,937.266,97.93335083103409,-0.0
12,75000,17.77,1.05,78872.0,920.844,937.266,98.24788267151482,-0.0
12,80000,17.77,1.05,83945.0,923.179,937.266,98.49701152074225,-0.0
12,85000,17.77,1.05,88932.0,925.156,937.266,98.70794416953139,-0.0
12,90000,17.77,1.04,93870.0,926.686,937.266,98.87118491442132,-0.0
12,95000,17.77,1.04,98842.0,928.031,937.266,99.0146873993082,-0.0
12,100000,17.77,1.04,103998.0,929.317,937.266,99.15189497965359,-0.0
12,125000,17.77,1.03,129151.00000000001,933.658,937.266,99.61505058329226,-0.0
12,150000,17.77,1.02,152755.0,935.773,937.266,99.84070690711069,-0.0
12,175000,17.77,1.01,177543.0,937.072,937.266,99.97930150032116,-0.0
12,200000,17.77,0.87,173072.0,937.266,937.266,100.0,-0.0
12,225000,17.77,0.68,154084.0,937.266,937.266,100.0,-0.0
12,250000,17.77,0.54,135920.0,937.266,937.266,100.0,-0.0
12,275000,17.77,0.43,118487.0,937.266,937.266,100.0,-0.0
12,300000,17.77,0.34,101784.0,937.266,937.266,100.0,-0.0
24,1000,17.77,1.06,1059.0,49.718,937.279,5.304503781691471,0.0
24,2000,17.77,1.06,2118.0,90.689,937.272,9.675846499201938,0.0
24,3000,17.77,1.06,3177.0,128.505,937.264,13.710651427986138,-0.0
24,4000,17.77,1.06,4236.0,163.893,937.257,17.486452488485014,-0.0
24,5000,17.77,1.06,5295.0,197.178,937.249,21.03795256116571,-0.0
24,7500,17.77,1.06,7942.0,272.68,937.23,29.09424580945979,-0.0
24,10000,17.77,1.06,10587.0,339.273,937.212,36.20024071394733,-0.0
24,12500,17.77,1.06,13233.0,398.804,937.193,42.5530280315794,-0.0
24,15000,17.77,1.06,15877.0,452.157,937.174,48.24685704042152,-0.0
24,17500,17.77,1.06,18521.0,499.919,937.155,53.34432404458174,-0.0
24,20000,17.77,1.06,21164.0,542.88,937.137,57.92963035287263,-0.0
24,22500,17.77,1.06,23807.0,581.604,937.118,62.06304862354581,-0.0
24,25000,17.77,1.06,26449.0,616.23,937.099,65.75932745633065,-0.0
24,27500,17.77,1.06,29090.0,647.189,937.08,69.06443419985486,-0.0
24,30000,17.77,1.06,31731.0,675.031,937.062,72.0369623354698,-0.0
24,40000,17.77,1.06,42286.0,761.161,936.99,81.23469834256501,-0.0
24,50000,17.77,1.06,52832.0,818.785,936.992,87.38441736962535,-0.0
24,60000,17.77,1.06,63367.0,856.706,937.049,91.42595531290253,-0.0
24,70000,17.77,1.06,73890.0,881.921,937.183,94.10339282722798,-0.0
24,80000,17.77,1.05,84365.0,897.949,937.251,95.80667291899395,-0.0
24,90000,17.77,1.05,94576.0,908.068,937.251,96.88631967317185,-0.0
24,100000,17.77,1.05,104552.0,914.355,937.251,97.55711116872642,-0.0
24,125000,17.77,1.04,130268.0,924.164,937.251,98.60368247139773,-0.0
24,150000,17.77,1.04,155455.0,929.855,937.251,99.21088374405575,-0.0
24,175000,17.77,1.03,179794.0,932.997,937.251,99.54611944932574,-0.0
24,200000,17.77,1.02,204384.0,934.995,937.251,99.75929606903594,-0.0
24,225000,17.77,1.02,229190.0,936.408,937.251,99.91005611090306,-0.0
24,250000,17.77,1.0,250879.0,937.231,937.251,99.9978660999028,-0.0
24,275000,17.77,0.86,237066.0,937.251,937.251,100.0,-0.0
24,300000,17.77,0.74,222596.0,937.251,937.251,100.0,-0.0
36,1000,17.77,1.06,1059.0,36.837,937.279,3.930206480674378,0.0
36,2000,17.77,1.06,2118.0,68.46,937.272,7.304176375694568,0.0
36,3000,17.77,1.06,3177.0,97.965,937.264,10.452231174994452,-0.0
36,4000,17.77,1.06,4236.0,126.211,937.257,13.465997053102832,-0.0
36,5000,17.77,1.06,5295.0,152.817,937.249,16.304845350595198,-0.0
36,7500,17.77,1.06,7942.0,214.716,937.23,22.909637975737013,-0.0
36,10000,17.77,1.06,10589.0,270.835,937.212,28.897944115098824,-0.0
36,12500,17.77,1.06,13235.0,321.963,937.193,34.35396977997062,-0.0
36,15000,17.77,1.06,15880.0,368.812,937.174,39.35363123603515,-0.0
36,17500,17.77,1.06,18525.0,411.934,937.155,43.95580240195059,-0.0
36,20000,17.77,1.06,21169.0,451.839,937.137,48.21482878170428,-0.0
36,22500,17.77,1.06,23813.0,488.718,937.118,52.15116986334698,-0.0
36,25000,17.77,1.06,26457.0,522.614,937.099,55.76934774234099,-0.0
36,27500,17.77,1.06,29100.0,553.913,937.08,59.11053485294745,-0.0
36,30000,17.77,1.06,31742.0,582.976,937.062,62.21317266093386,-0.0
36,40000,17.77,1.06,42307.0,678.47,936.987,72.40975595179016,-0.0
36,50000,17.77,1.06,52864.0,748.314,936.912,79.87025462369998,-0.0
36,60000,17.77,1.06,63413.0,799.025,936.84,85.28937705477989,-0.0
36,70000,17.77,1.06,73954.0,835.596,936.851,89.19198463789866,-0.0
36,80000,17.77,1.06,84478.0,862.57,936.943,92.06216386695884,-0.0
36,90000,17.77,1.05,94828.0,882.286,937.033,94.15740961097421,-0.0
36,100000,17.77,1.05,104881.0,896.427,937.122,95.65744908347045,-0.0
36,125000,17.77,1.04,130538.00000000001,914.345,937.233,97.55791782833086,-0.0
36,150000,17.77,1.04,156055.0,923.034,937.234,98.48490344993886,-0.0
36,175000,17.77,1.04,181258.0,928.162,937.234,99.03204535900319,-0.0
36,200000,17.77,1.03,206306.0,931.575,937.234,99.39620201571859,-0.0
36,225000,17.77,1.03,230626.0,933.789,937.234,99.63242904119996,-0.0
36,250000,17.77,1.02,255113.0,935.387,937.234,99.8029307515519,-0.0
36,275000,17.77,1.02,279561.0,936.547,937.234,99.92669920212029,-0.0
36,300000,17.77,1.0,300713.0,937.187,937.234,99.99498524381318,-0.0
48,1000,17.77,1.06,1059.0,29.942,937.279,3.1945663991191524,0.0
48,2000,17.77,1.06,2118.0,56.148,937.272,5.990576908304099,0.0
48,3000,17.77,1.06,3178.0,80.886,937.264,8.630012461803718,-0.0
48,4000,17.77,1.06,4237.0,104.295,937.257,11.127684295769464,-0.0
48,5000,17.77,1.06,5296.0,127.033,937.249,13.553815474863137,-0.0
48,7500,17.77,1.06,7943.0,180.322,937.23,19.239887754339914,-0.0
48,10000,17.77,1.06,10589.0,229.483,937.212,24.48570867637205,-0.0
48,12500,17.77,1.06,13236.0,274.652,937.193,29.305810009251026,-0.0
48,15000,17.77,1.06,15882.0,316.606,937.174,33.783054160700146,-0.0
48,17500,17.77,1.06,18527.0,355.601,937.155,37.94473699654806,-0.0
48,20000,17.77,1.06,21172.0,391.791,937.137,41.80722775858813,-0.0
48,22500,17.77,1.06,23817.0,426.015,937.118,45.46012348498268,-0.0
48,25000,17.77,1.06,26461.0,458.156,937.099,48.89088559479841,-0.0
48,27500,17.77,1.06,29105.0,488.015,937.08,52.07826439578264,-0.0
48,30000,17.77,1.06,31748.0,516.113,937.062,55.07778567480061,-0.0
48,40000,17.77,1.06,42317.0,612.843,936.987,65.40571000451448,-0.0
48,50000,17.77,1.06,52880.0,687.605,936.912,73.39056389500828,-0.0
48,60000,17.77,1.06,63436.0,745.784,936.837,79.60659111456955,-0.0
48,70000,17.77,1.06,73985.0,790.335,936.762,84.36881513127135,-0.0
48,80000,17.77,1.06,84528.0,824.381,936.747,88.00465867518123,-0.0
48,90000,17.77,1.06,95037.0,850.396,936.817,90.77503930863764,-0.0
48,100000,17.77,1.05,105206.0,870.246,936.885,92.88717398613491,-0.0
48,125000,17.77,1.05,130646.99999999999,901.894,937.052,96.24802038734242,-0.0
48,150000,17.77,1.04,156430.0,916.048,937.202,97.74285586245014,-0.0
48,175000,17.77,1.04,181563.0,923.382,937.215,98.52403130551687,-0.0
48,200000,17.77,1.04,207230.0,928.163,937.216,99.03405404944004,-0.0
48,225000,17.77,1.03,232204.0,930.884,937.216,99.3243819994537,-0.0
48,250000,17.77,1.03,256682.00000000003,933.024,937.216,99.55271783665664,-0.0
48,275000,17.77,1.02,280388.0,934.841,937.216,99.74658990030046,-0.0
48,300000,17.77,1.02,304923.0,936.21,937.216,99.89266081671676,-0.0
72,1000,17.77,1.06,1059.0,22.399,937.279,2.389790019834009,0.0
72,2000,17.77,1.06,2118.0,42.118,937.272,4.493679529528248,-0.0
72,3000,17.77,1.06,3178.0,61.314,937.264,6.541806790829479,-0.0
72,4000,17.77,1.06,4237.0,79.561,937.257,8.488706939505388,-0.0
72,5000,17.77,1.06,5296.0,97.599,937.249,10.413348000371299,-0.0
72,7500,17.77,1.06,7943.0,139.953,937.23,14.932620594731283,-0.0
72,10000,17.77,1.06,10590.0,179.824,937.212,19.187120950222578,-0.0
72,12500,17.77,1.06,13237.0,217.112,937.193,23.166199491460137,-0.0
72,15000,17.77,1.06,15883.0,252.796,937.174,26.974286525234376,-0.0
72,17500,17.77,1.06,18529.0,285.996,937.155,30.517470429117914,-0.0
72,20000,17.77,1.06,21175.0,317.351,937.137,33.86388542977174,-0.0
72,22500,17.77,1.06,23820.0,346.89,937.118,37.01668306445933,-0.0
72,25000,17.77,1.06,26465.0,375.37,937.099,40.0566002097964,-0.0
72,27500,17.77,1.06,29109.0,402.153,937.08,42.91554616468178,-0.0
72,30000,17.77,1.06,31754.0,427.701,937.062,45.64276429948072,-0.0
72,40000,17.77,1.06,42328.0,518.51,936.987,55.338014294755425,-0.0
72,50000,17.77,1.06,52896.0,594.437,936.912,63.44640691975341,-0.0
72,60000,17.77,1.06,63459.0,656.683,936.837,70.09575838699796,-0.0
72,70000,17.77,1.06,74017.0,708.989,936.762,75.68507262250176,-0.0
72,80000,17.77,1.06,84569.0,751.956,936.687,80.27825730473467,-0.0
72,90000,17.77,1.06,95116.0,786.576,936.612,83.98098679068815,-0.0
72,100000,17.77,1.06,105638.0,815.211,936.638,87.03586657812303,-0.0
72,125000,17.77,1.05,130747.99999999999,865.315,936.753,92.37387016641527,-0.0
72,150000,17.77,1.05,156823.0,894.787,936.865,95.50863785070422,-0.0
72,175000,17.77,1.04,182409.0,911.127,936.976,97.2412313655846,-0.0
72,200000,17.77,1.04,207530.0,920.708,937.086,98.25224152318997,-0.0
72,225000,17.77,1.04,233336.0,926.019,937.164,98.81077378132322,-0.0
72,250000,17.77,1.03,258471.99999999997,929.148,937.173,99.14370132302147,-0.0
72,275000,17.77,1.03,283170.0,931.145,937.176,99.35647092968662,-0.0
72,300000,17.77,1.02,306712.0,932.908,937.178,99.54437684196598,-0.0
96,1000,17.77,1.06,1059.0,17.998,937.279,1.9202393310849812,0.0
96,2000,17.77,1.06,2118.0,34.445,937.272,3.6750270999240344,-0.0
96,3000,17.77,1.06,3178.0,50.256,937.264,5.36198979156353,-0.0
96,4000,17.77,1.06,4237.0,65.637,937.257,7.003095202276431,-0.0
96,5000,17.77,1.06,5296.0,80.643,937.249,8.604223637475208,-0.0
96,7500,17.77,1.06,7943.0,116.488,937.23,12.42896620893484,-0.0
96,10000,17.77,1.06,10590.0,150.383,937.212,16.045782597747362,-0.0
96,12500,17.77,1.06,13237.0,182.799,937.193,19.504947220049658,-0.0
96,15000,17.77,1.06,15884.0,213.418,937.174,22.772505425886763,-0.0
96,17500,17.77,1.06,18530.0,242.679,937.155,25.89528946652368,-0.0
96,20000,17.77,1.06,21176.0,270.777,937.137,28.894067783045596,-0.0
96,22500,17.77,1.06,23822.0,297.257,937.118,31.720338313851613,-0.0
96,25000,17.77,1.06,26467.0,322.611,937.099,34.4265653895693,-0.0
96,27500,17.77,1.06,29112.0,347.195,937.08,37.05073206129679,-0.0
96,30000,17.77,1.06,31757.0,370.443,937.062,39.53238953238953,-0.0
96,40000,17.77,1.06,42333.0,454.149,936.987,48.46908228182462,-0.0
96,50000,17.77,1.06,52904.0,527.015,936.912,56.250213467219965,-0.0
96,60000,17.77,1.06,63471.0,590.154,936.837,62.994309575731954,-0.0
96,70000,17.77,1.06,74033.0,643.677,936.762,68.71297085065365,-0.0
96,80000,17.77,1.06,84590.0,689.28,936.687,73.58701465911238,-0.0
96,90000,17.77,1.06,95142.0,728.602,936.612,77.79123052021542,-0.0
96,100000,17.77,1.06,105688.0,762.273,936.537,81.39272660877252,-0.0
96,125000,17.77,1.05,131321.0,824.998,936.599,88.0844416874244,-0.0
96,150000,17.77,1.05,156899.0,866.504,936.683,92.50771071963514,-0.0
96,175000,17.77,1.05,182942.0,892.134,936.767,95.23542140147977,-0.0
96,200000,17.77,1.04,208101.0,908.175,936.85,96.93921118642258,-0.0
96,225000,17.77,1.04,233541.0,918.629,936.933,98.04639179108858,-0.0
96,250000,17.77,1.04,259225.00000000003,925.083,937.015,98.72659455825146,-0.0
96,275000,17.77,1.03,284200.0,928.084,937.093,99.03862263403951,-0.0
96,300000,17.77,1.03,308900.0,930.42,937.123,99.28472569769389,-0.0
120,1000,17.77,1.06,1059.0,15.136,937.279,1.614887349444509,0.0
120,2000,17.77,1.06,2118.0,29.163,937.272,3.111476711136148,0.0
120,3000,17.77,1.06,3178.0,42.685,937.264,4.554213113914543,-0.0
120,4000,17.77,1.06,4237.0,56.338,937.257,6.010944703533823,-0.0
120,5000,17.77,1.06,5296.0,69.287,937.249,7.3925925767858915,-0.0
120,10000,17.77,1.06,10591.0,130.357,937.212,13.909019517462431,-0.0
120,15000,17.77,1.06,15884.0,186.403,937.174,19.889903048953556,-0.0
120,20000,17.77,1.06,21177.0,237.981,937.137,25.39447273984487,-0.0
120,25000,17.77,1.06,26468.0,285.377,937.099,30.453239198846653,-0.0
120,30000,17.77,1.06,31758.0,329.289,937.062,35.14057767789111,-0.0
120,55000,17.77,1.06,58194.0,506.844,936.874,54.09948402880216,-0.0
120,80000,17.77,1.06,84602.0,637.273,936.687,68.03478643346178,-0.0
120,105000,17.77,1.06,110980.0,730.31,936.499,77.98299838013708,-0.0
120,130000,17.77,1.05,136634.0,795.966,936.518,84.9920663564395,-0.0
120,155000,17.77,1.05,162163.0,842.955,936.586,90.00294687300473,-0.0
120,180000,17.77,1.05,188256.0,875.27,936.653,93.44655918467137,-0.0
120,205000,17.77,1.04,213911.0,895.556,936.72,95.60551712358016,-0.0
120,230000,17.77,1.04,238819.0,908.936,936.786,97.02706914919737,-0.0
120,255000,17.77,1.04,264623.0,918.83,936.852,98.07632368826667,-0.0
120,280000,17.77,1.03,289797.0,924.354,936.917,98.6591128136217,-0.0
120,305000,17.77,1.03,314600.0,927.801,936.982,99.02015193461563,-0.0
180,1000,17.77,1.06,1059.0,10.923,937.279,1.1653947223825563,0.0
180,2000,17.77,1.06,2118.0,21.803,937.272,2.326219069811111,-0.0
180,3000,17.77,1.06,3178.0,31.832,937.264,3.396268287270182,-0.0
180,4000,17.77,1.06,4237.0,42.194,937.257,4.501860215501192,-0.0
180,5000,17.77,1.06,5296.0,51.904,937.249,5.537909349596532,-0.0
180,10000,17.77,1.06,10591.0,99.473,937.212,10.61371386623304,-0.0
180,15000,17.77,1.06,15885.0,143.836,937.174,15.347843623489343,-0.0
180,20000,17.77,1.06,21178.0,185.844,937.137,19.831038578137456,-0.0
180,25000,17.77,1.06,26470.0,224.697,937.099,23.977936162561264,-0.0
180,30000,17.77,1.06,31761.0,261.227,937.062,27.877237578730114,-0.0
180,55000,17.77,1.06,58202.0,416.625,936.874,44.46969389693811,-0.0
180,80000,17.77,1.06,84619.0,536.202,936.686,57.244583563755626,-0.0
180,105000,17.77,1.06,111011.0,633.197,936.499,67.61320620737449,-0.0
180,130000,17.77,1.05,137093.0,708.784,936.355,75.69607680847542,-0.0
180,155000,17.77,1.05,162225.0,765.698,936.407,81.76978600117256,-0.0
180,180000,17.77,1.05,188340.0,811.028,936.455,86.60619036686225,-0.0
180,205000,17.77,1.05,214441.0,847.655,936.517,90.51143759269719,-0.0
180,230000,17.77,1.04,240332.0,873.425,936.565,93.2583429874061,-0.0
180,255000,17.77,1.04,265137.0,892.486,936.61,95.2889676599652,-0.0
180,280000,17.77,1.04,290568.0,904.799,936.654,96.59906432898381,-0.0
180,305000,17.77,1.03,315639.0,913.317,936.697,97.50399542221231,-0.0
240,1000,17.77,1.06,1059.0,9.169,937.279,0.9782572745148457,0.0
240,2000,17.77,1.06,2118.0,17.358,937.272,1.8519703992010856,-0.0
240,3000,17.77,1.06,3178.0,25.928,937.264,2.76634971576845,-0.0
240,4000,17.77,1.06,4237.0,33.785,937.257,3.6046676631916323,-0.0
240,5000,17.77,1.06,5296.0,42.097,937.249,4.491549204106913,-0.0
240,10000,17.77,1.06,10591.0,81.288,937.212,8.67338446370725,-0.0
240,15000,17.77,1.06,15885.0,118.46,937.174,12.640128727429484,-0.0
240,20000,17.77,1.06,21178.0,153.278,937.137,16.355986371256286,-0.0
240,25000,17.77,1.06,26470.0,186.794,937.099,19.93321943572664,-0.0
240,30000,17.77,1.06,31762.0,218.484,937.062,23.315853166599435,-0.0
240,55000,17.77,1.06,58206.0,357.033,936.874,38.10896662731595,-0.0
240,80000,17.77,1.06,84627.0,466.043,936.686,49.754453466796775,-0.0
240,105000,17.77,1.06,111026.0,555.947,936.499,59.36439868061791,-0.0
240,130000,17.77,1.06,137248.0,633.147,936.311,67.621442020867,-0.0
240,155000,17.77,1.05,162256.0,697.931,936.124,74.55540078023853,-0.0
240,180000,17.77,1.05,188382.0,748.317,936.07,79.94241883619814,-0.0
240,205000,17.77,1.05,214496.0,790.299,936.083,84.4261673377254,-0.0
240,230000,17.77,1.05,240589.0,825.714,936.178,88.20053451373565,-0.0
240,255000,17.77,1.04,266298.0,854.455,936.453,91.24376770644122,-0.0
240,280000,17.77,1.04,290994.0,876.634,936.511,93.60637515202706,-0.0
240,305000,17.77,1.04,316172.0,891.807,936.55,95.2225722065026,-0.0
360,1000,17.77,1.06,1059.0,6.58,937.279,0.7020321590476262,0.0
360,2000,17.77,1.06,2118.0,12.31,937.272,1.3133860821618484,-0.0
360,3000,17.77,1.06,3178.0,18.633,937.264,1.9880204510148687,-0.0
360,4000,17.77,1.06,4237.0,24.868,937.257,2.6532743953899516,-0.0
360,5000,17.77,1.06,5296.0,31.01,937.249,3.3086191609700304,-0.0
360,10000,17.77,1.06,10591.0,59.725,937.212,6.372624336862952,-0.0
360,15000,17.77,1.06,15885.0,87.984,937.174,9.388224598633764,-0.0
360,20000,17.77,1.06,21179.0,114.729,937.137,12.242500296114656,-0.0
360,25000,17.77,1.06,26471.0,141.027,937.099,15.049317094565245,-0.0
360,30000,17.77,1.06,31763.0,165.866,937.062,17.700643073777403,-0.0
360,55000,17.77,1.06,58209.0,279.367,936.874,29.819057845558746,-0.0
360,80000,17.77,1.06,84635.0,374.94,936.686,40.02835528661686,-0.0
360,105000,17.77,1.06,111040.0,454.666,936.499,48.54954463379032,-0.0
360,130000,17.77,1.06,137351.0,523.632,936.311,55.9250078232553,-0.0
360,155000,17.77,1.05,162490.0,584.803,936.124,62.4706769615991,-0.0
360,180000,17.77,1.05,188424.0,641.039,935.936,68.4917558465536,-0.0
360,205000,17.77,1.05,214550.0,689.415,935.749,73.67520563740916,-0.0
360,230000,17.77,1.05,240666.0,730.831,935.562,78.11678969432278,-0.0
360,255000,17.77,1.05,266751.0,766.841,935.429,81.97746702315195,-0.0
360,280000,17.77,1.04,292418.0,798.391,935.375,85.35517840438327,-0.0
360,305000,17.77,1.04,317183.0,825.545,935.583,88.23856354807644,-0.0
480,1000,17.77,1.06,1059.0,5.143,937.279,0.5487160173224834,0.0
480,2000,17.77,1.06,2118.0,10.194,937.272,1.0876245102809003,-0.0
480,3000,17.77,1.06,3178.0,14.475,937.264,1.5443887741340752,-0.0
480,4000,17.77,1.06,4237.0,19.444,937.257,2.0745643937575284,-0.0
480,5000,17.77,1.06,5296.0,24.353,937.249,2.5983489979717236,-0.0
480,10000,17.77,1.06,10591.0,47.651,937.212,5.084335241119406,-0.0
480,15000,17.77,1.06,15885.0,70.206,937.174,7.491244955579221,-0.0
480,20000,17.77,1.06,21179.0,92.143,937.137,9.832393769534232,-0.0
480,25000,17.77,1.06,26472.0,113.464,937.099,12.108005664289472,-0.0
480,30000,17.77,1.06,31764.0,134.264,937.062,14.328187462515821,-0.0
480,55000,17.77,1.06,58211.0,230.234,936.874,24.57470268147051,-0.0
480,80000,17.77,1.06,84639.0,314.911,936.686,33.61969752937484,-0.0
480,105000,17.77,1.06,111047.0,387.414,936.499,41.368330345253966,-0.0
480,130000,17.77,1.06,137390.0,450.352,936.311,48.09854845238387,-0.0
480,155000,17.77,1.05,162701.0,507.487,936.124,54.2115147138627,-0.0
480,180000,17.77,1.05,188445.0,559.198,935.936,59.74746136487965,-0.0
480,205000,17.77,1.05,214577.0,606.352,935.749,64.79857312163838,-0.0
480,230000,17.77,1.05,240700.0,650.24,935.562,69.5026091269205,-0.0
480,255000,17.77,1.05,266810.0,690.209,935.374,73.78962853361328,-0.0
480,280000,17.77,1.05,292803.0,725.461,935.187,77.57389698530882,-0.0
480,305000,17.77,1.04,318063.0,757.063,935.0,80.96930481283422,-0.0
720,1000,17.77,1.06,1059.0,3.581,937.279,0.3820633984117856,-0.0
720,2000,17.77,1.06,2118.0,7.121,937.272,0.7597581065048353,-0.0
720,3000,17.77,1.06,3178.0,10.648,937.264,1.1360726540227728,-0.0
720,4000,17.77,1.06,4237.0,13.358,937.257,1.4252227510704107,-0.0
720,5000,17.77,1.06,5296.0,16.847,937.249,1.797494582549568,-0.0
720,10000,17.77,1.06,10591.0,33.998,937.212,3.6275677221375737,-0.0
720,15000,17.77,1.06,15886.0,50.125,937.174,5.348526527624539,-0.0
720,20000,17.77,1.06,21179.0,65.817,937.137,7.023199382801021,-0.0
720,25000,17.77,1.06,26472.0,81.17,937.099,8.661838290298036,-0.0
720,30000,17.77,1.06,31764.0,97.006,937.062,10.352143187964083,-0.0
720,55000,17.77,1.06,58213.0,169.827,936.874,18.126983991443886,-0.0
720,80000,17.77,1.06,84643.0,237.722,936.686,25.379049115712206,-0.0
720,105000,17.77,1.06,111054.0,299.127,936.499,31.9409844538008,-0.0
720,130000,17.77,1.06,137433.0,354.549,936.311,37.866584927443974,-0.0
720,155000,17.77,1.05,163023.0,404.176,936.124,43.175476753079714,-0.0
720,180000,17.77,1.05,188465.0,450.06,935.936,48.08662130743983,-0.0
720,205000,17.77,1.05,214604.0,493.072,935.749,52.69276269597937,-0.0
720,230000,17.77,1.05,240734.0,532.957,935.561,56.966568721868484,-0.0
720,255000,17.77,1.05,266855.0,571.173,935.374,61.063595951993534,-0.0
720,280000,17.77,1.05,292948.0,606.735,935.186,64.87853753157125,-0.0
720,305000,17.77,1.05,318751.0,640.105,934.999,68.46050102727382,-0.0
